time,LF,RF,LR,RR,setTurn,setSpeed,booleans,,,
1.39E+12,93,41,215,42,1480,1400,191,,,
1.39E+12,194,41,224,42,1480,1400,191,,2.65E+02,
1.39E+12,255,41,221,42,1480,1400,191,,2.71E+02,
1.39E+12,154,41,222,42,1480,1400,191,,2.65E+02,
1.39E+12,95,41,213,42,1480,1400,191,,2.67E+02,
1.39E+12,255,41,215,42,1480,1400,191,,2.68E+02,
1.39E+12,128,41,149,42,1480,1400,191,,2.70E+02,
1.39E+12,114,41,202,42,1480,1400,191,,2.67E+02,
1.39E+12,130,41,194,42,1480,1400,191,,2.67E+02,
1.39E+12,125,41,228,42,1480,1400,191,,2.68E+02,
1.39E+12,138,41,146,42,1480,1400,191,,2.75E+02,
1.39E+12,128,41,142,42,1480,1400,191,,2.66E+02,
1.39E+12,125,41,142,42,1480,1400,191,,2.73E+02,2.96E+03
1.39E+12,130,41,141,42,1000,1400,191,,2.66E+02,
1.39E+12,133,40,139,42,1000,1400,191,,2.67E+02,
1.39E+12,130,38,143,41,1000,1400,191,,2.83E+02,
1.39E+12,112,36,141,41,1000,1400,191,,2.69E+02,
1.39E+12,133,48,144,40,1000,1400,191,,2.73E+02,
1.39E+12,120,82,148,39,1000,1400,191,,2.71E+02,
1.39E+12,118,95,144,38,1000,1400,191,,2.76E+02,
1.39E+12,96,132,146,37,1000,1400,191,,2.73E+02,
1.39E+12,111,113,152,36,1000,1400,191,,2.76E+02,
1.39E+12,187,118,153,34,1000,1400,191,,2.67E+02,
1.39E+12,237,124,152,34,1000,1400,191,,2.72E+02,
1.39E+12,255,133,154,30,1000,1400,191,,2.73E+02,
1.39E+12,138,192,152,26,1000,1400,191,,2.66E+02,
1.39E+12,255,148,162,38,1000,1400,191,,2.66E+02,
1.39E+12,255,139,159,49,1000,1400,191,,2.65E+02,
1.39E+12,255,128,170,60,1000,1400,191,,2.66E+02,
1.39E+12,255,133,168,68,1000,1400,191,,2.65E+02,
1.39E+12,255,137,173,77,1000,1400,191,,2.66E+02,
1.39E+12,255,138,174,82,1000,1400,191,,2.68E+02,
1.39E+12,255,139,169,85,1000,1400,191,,2.73E+02,
1.39E+12,255,125,176,88,1000,1400,191,,2.71E+02,
1.39E+12,255,137,175,91,1000,1400,191,,2.68E+02,
1.39E+12,255,133,184,95,1000,1400,191,,2.71E+02,
1.39E+12,255,129,173,98,1000,1400,191,,2.70E+02,
1.39E+12,255,128,200,108,1000,1400,191,,2.74E+02,
1.39E+12,255,132,172,102,1000,1400,191,,2.68E+02,
1.39E+12,255,129,163,107,1000,1400,191,,2.76E+02,
1.39E+12,255,141,255,104,1000,1400,191,,2.68E+02,
1.39E+12,255,124,37,104,1000,1400,191,,2.73E+02,
1.39E+12,255,130,255,107,1000,1400,191,,2.69E+02,
1.39E+12,255,141,95,107,1000,1400,191,,2.70E+02,
1.39E+12,80,125,194,113,1000,1400,191,,2.69E+02,
1.39E+12,111,132,255,109,1000,1400,191,,2.74E+02,
1.39E+12,141,128,71,113,1000,1400,191,,2.74E+02,
1.39E+12,255,124,95,112,1000,1400,191,,2.72E+02,
1.39E+12,255,121,80,112,1000,1400,191,,2.72E+02,
1.39E+12,59,119,68,113,1000,1400,191,,2.75E+02,
1.39E+12,128,120,58,115,1000,1400,191,,2.74E+02,
1.39E+12,96,122,74,114,1000,1400,191,,2.71E+02,
1.39E+12,65,118,198,118,1000,1400,191,,2.78E+02,
1.39E+12,255,113,199,112,1000,1400,191,,2.77E+02,
1.39E+12,255,114,201,110,1000,1400,191,,2.83E+02,
1.39E+12,86,117,179,115,1000,1400,191,,2.80E+02,
1.39E+12,61,114,194,110,1000,1400,191,,2.69E+02,
1.39E+12,255,113,174,114,1000,1400,191,,2.70E+02,
1.39E+12,255,109,184,110,1000,1400,191,,2.70E+02,
1.39E+12,255,105,180,110,1000,1400,191,,2.68E+02,
1.39E+12,237,106,179,106,1000,1400,191,,2.82E+02,
1.39E+12,255,103,170,109,1000,1400,191,,2.70E+02,
1.39E+12,143,104,174,112,1000,1400,191,,2.76E+02,
1.39E+12,59,104,181,108,1000,1400,191,,2.74E+02,
1.39E+12,96,93,181,105,1000,1400,191,,2.73E+02,
1.39E+12,97,100,57,103,1000,1400,191,,2.70E+02,
1.39E+12,96,94,85,101,1000,1400,191,,2.72E+02,
1.39E+12,99,91,75,107,1000,1400,191,,2.71E+02,
1.39E+12,104,89,96,100,1000,1400,191,,2.69E+02,
1.39E+12,106,87,99,100,1000,1400,191,,2.72E+02,
1.39E+12,107,85,102,95,1000,1400,191,,2.79E+02,
1.39E+12,114,83,105,98,1000,1400,191,,2.73E+02,
1.39E+12,117,83,108,94,1000,1400,191,,2.69E+02,
1.39E+12,121,103,70,91,1000,1400,191,,2.82E+02,
1.39E+12,121,113,117,91,1790,1400,191,,2.85E+02,
1.39E+12,125,70,114,90,1790,1400,191,,2.79E+02,
1.39E+12,125,47,116,89,1790,1400,191,,2.71E+02,
1.39E+12,125,97,121,85,1790,1400,191,,2.77E+02,
1.39E+12,129,94,118,111,1790,1400,191,,2.79E+02,
1.39E+12,128,93,116,44,1790,1400,191,,2.81E+02,
1.39E+12,81,91,120,105,1790,1400,191,,2.78E+02,
1.39E+12,194,86,124,103,1790,1400,191,,2.80E+02,
1.39E+12,110,91,123,101,1790,1400,191,,2.74E+02,
1.39E+12,137,86,124,100,1790,1400,191,,2.74E+02,
1.39E+12,138,85,104,97,1790,1400,191,,2.87E+02,
1.39E+12,110,85,95,100,1790,1400,191,,2.80E+02,
1.39E+12,148,86,181,92,1790,1500,191,,2.76E+02,
1.39E+12,125,86,184,99,1790,1500,191,,2.73E+02,
1.39E+12,122,86,185,99,1790,1500,191,,2.68E+02,
1.39E+12,129,86,175,92,1790,1500,191,,2.69E+02,
1.39E+12,130,86,186,97,1790,1500,191,,2.75E+02,
1.39E+12,130,86,178,98,1790,1500,191,,2.69E+02,
1.39E+12,121,85,180,98,1790,1500,191,,2.69E+02,
1.39E+12,132,85,174,95,1790,1500,191,,2.72E+02,
1.39E+12,136,86,50,101,1790,1500,191,,2.71E+02,
1.39E+12,158,85,178,97,1790,1500,191,,2.67E+02,
1.39E+12,114,86,180,97,1790,1500,191,,2.65E+02,
1.39E+12,122,86,181,97,1790,1500,191,,2.69E+02,
1.39E+12,118,86,181,98,1790,1500,191,,2.76E+02,
1.39E+12,123,86,179,98,1790,1500,191,,2.65E+02,
1.39E+12,148,81,186,95,1790,1500,191,,2.71E+02,
1.39E+12,179,15,181,95,1790,1500,191,,2.68E+02,
1.39E+12,255,16,66,104,1790,1500,191,,2.74E+02,
1.39E+12,255,96,255,110,1790,1500,191,,2.82E+02,
1.39E+12,255,105,255,114,1790,1500,191,,2.76E+02,
1.39E+12,255,17,146,125,1790,1500,191,,2.77E+02,
1.39E+12,228,19,214,143,1790,1500,191,,2.70E+02,
1.39E+12,255,26,255,195,1790,1500,191,,2.73E+02,
1.39E+12,208,31,207,255,1790,1500,191,,2.76E+02,
1.39E+12,163,32,128,255,1790,1500,191,,2.73E+02,
1.39E+12,153,31,119,255,1790,1500,191,,2.79E+02,
1.39E+12,93,31,105,255,1790,1500,191,,2.80E+02,
1.39E+12,77,25,90,255,1790,1500,191,,2.85E+02,
1.39E+12,67,24,69,255,1790,1500,191,,2.90E+02,
1.39E+12,53,25,189,255,1790,1500,191,,2.78E+02,
1.39E+12,42,27,183,255,1790,1500,191,,2.76E+02,
1.39E+12,34,26,33,255,1790,1500,191,,2.79E+02,
1.39E+12,23,28,28,255,1790,1500,191,,2.84E+02,
1.39E+12,26,29,30,255,1790,1500,191,,2.74E+02,
1.39E+12,27,32,32,255,1790,1500,191,,2.66E+02,
1.39E+12,24,34,25,21,1790,1500,191,,2.66E+02,
1.39E+12,23,31,25,118,1790,1500,191,,2.67E+02,
1.39E+12,24,27,26,255,1790,1500,191,,2.66E+02,
1.39E+12,24,21,28,255,1790,1500,191,,2.69E+02,
1.39E+12,23,16,29,255,1790,1500,191,,2.72E+02,
1.39E+12,24,16,28,255,1790,1500,191,,2.71E+02,
1.39E+12,24,16,26,255,1790,1500,191,,2.69E+02,
1.39E+12,24,255,29,255,1790,1500,191,,2.68E+02,
1.39E+12,23,23,27,255,1790,1500,191,,2.78E+02,
1.39E+12,21,34,26,255,1790,1500,191,,2.70E+02,
1.39E+12,23,255,29,255,1790,1500,191,,2.66E+02,
1.39E+12,22,255,25,255,1790,1500,191,,2.69E+02,
1.39E+12,22,255,26,255,1790,1500,191,,2.65E+02,
1.39E+12,23,116,28,59,1790,1500,191,,2.71E+02,
1.39E+12,24,138,32,63,1790,1500,191,,2.69E+02,
1.39E+12,25,67,34,69,1790,1500,191,,2.68E+02,
1.39E+12,23,62,39,77,1790,1500,191,,2.70E+02,
1.39E+12,23,63,39,86,1790,1500,191,,2.70E+02,
1.39E+12,25,68,43,101,1790,1500,191,,2.64E+02,
1.39E+12,24,92,40,140,1790,1500,191,,5.33E+02,
1.39E+12,23,102,40,133,1790,1500,191,,2.69E+02,
1.39E+12,22,101,41,145,1790,1500,191,,2.66E+02,
1.39E+12,22,118,41,133,1790,1500,191,,2.73E+02,
1.39E+12,20,122,41,205,1790,1500,191,,2.67E+02,
1.39E+12,20,194,40,151,1790,1500,191,,2.65E+02,
1.39E+12,18,125,38,154,1790,1500,191,,2.66E+02,
1.39E+12,18,125,40,157,1790,1500,191,,2.64E+02,
1.39E+12,18,130,39,165,1790,1500,191,,2.65E+02,
1.39E+12,18,140,37,176,1790,1500,191,,2.68E+02,
1.39E+12,19,143,37,160,1790,1500,191,,2.66E+02,
1.39E+12,17,142,36,186,1790,1500,191,,2.66E+02,
1.39E+12,18,148,38,159,1790,1500,191,,2.69E+02,
1.39E+12,19,150,39,174,1790,1500,191,,2.71E+02,
1.39E+12,19,151,37,182,1790,1500,191,,2.65E+02,
1.39E+12,19,140,35,173,1790,1500,191,,2.68E+02,
1.39E+12,19,143,37,165,1790,1500,191,,2.65E+02,
1.39E+12,19,143,38,170,1790,1500,191,,2.65E+02,
1.39E+12,19,163,38,255,1790,1500,191,,2.69E+02,
1.39E+12,19,203,36,255,1790,1500,191,,2.73E+02,
1.39E+12,18,255,36,255,1790,1500,191,,2.64E+02,
1.39E+12,18,255,38,255,1790,1500,191,,2.67E+02,
1.39E+12,19,255,37,255,1790,1500,191,,2.69E+02,
1.39E+12,17,255,36,255,1790,1500,191,,2.65E+02,
1.39E+12,17,255,29,255,1790,1500,191,,2.69E+02,
1.39E+12,17,255,25,255,1790,1500,191,,2.66E+02,
1.39E+12,17,27,28,255,1790,1500,191,,2.67E+02,
1.39E+12,17,52,28,111,1790,1500,191,,2.68E+02,
1.39E+12,17,214,30,66,1790,1500,191,,2.67E+02,
1.39E+12,18,190,32,255,1790,1500,191,,2.65E+02,
1.39E+12,17,168,30,255,1790,1500,191,,2.65E+02,
1.39E+12,17,194,32,255,1790,1500,191,,2.65E+02,
1.39E+12,17,255,30,64,1790,1500,191,,2.65E+02,
1.39E+12,17,255,30,236,1790,1500,191,,2.65E+02,
1.39E+12,16,120,29,104,1790,1500,191,,2.76E+02,
1.39E+12,17,144,29,135,1790,1500,191,,2.71E+02,
1.39E+12,17,168,29,172,1790,1500,191,,2.67E+02,
1.39E+12,16,255,28,255,1790,1500,191,,2.66E+02,
1.39E+12,17,255,28,255,1790,1500,191,,2.67E+02,
1.39E+12,17,155,28,79,1790,1500,191,,2.65E+02,
1.39E+12,17,224,27,255,1790,1500,191,,2.70E+02,
1.39E+12,17,255,34,255,1790,1500,191,,2.69E+02,
1.39E+12,17,255,32,255,1790,1500,191,,2.65E+02,
1.39E+12,17,255,32,255,1790,1500,191,,2.64E+02,
1.39E+12,18,194,37,51,1790,1500,191,,2.66E+02,
1.39E+12,17,132,34,198,1790,1500,191,,2.69E+02,
1.39E+12,16,110,29,149,1790,1500,191,,2.65E+02,
1.39E+12,17,94,25,115,1790,1500,191,,2.64E+02,
1.39E+12,16,91,21,100,1790,1500,191,,2.67E+02,
1.39E+12,17,97,23,107,1790,1500,191,,2.74E+02,
1.39E+12,16,99,26,107,1790,1500,191,,2.72E+02,
1.39E+12,16,94,33,103,1790,1500,191,,2.74E+02,
1.39E+12,16,90,24,118,1790,1500,191,,2.72E+02,
1.39E+12,16,148,29,168,1790,1500,191,,2.65E+02,
1.39E+12,17,255,24,255,1790,1500,191,,2.65E+02,
1.39E+12,16,148,27,146,1790,1500,191,,2.67E+02,
1.39E+12,16,106,25,104,1790,1500,191,,2.66E+02,
1.39E+12,16,87,37,89,1790,1500,191,,2.74E+02,
1.39E+12,16,75,61,80,1790,1500,191,,2.78E+02,
1.39E+12,17,67,37,75,1790,1500,191,,2.79E+02,
1.39E+12,16,62,37,72,1790,1500,191,,2.73E+02,
1.39E+12,18,66,44,71,1790,1500,191,,2.74E+02,
1.39E+12,17,67,48,71,1790,1500,191,,2.67E+02,
1.39E+12,31,67,90,72,1790,1500,191,,2.73E+02,
1.39E+12,33,67,105,72,1790,1500,191,,2.78E+02,
1.39E+12,33,67,46,73,1790,1500,191,,2.70E+02,
1.39E+12,35,66,58,71,1790,1500,191,,2.68E+02,
1.39E+12,57,66,72,71,1790,1500,191,,2.67E+02,
1.39E+12,117,67,15,73,1790,1500,191,,2.69E+02,
1.39E+12,121,65,78,69,1790,1500,191,,2.68E+02,
1.39E+12,85,62,89,64,1790,1500,191,,2.71E+02,
1.39E+12,125,53,142,51,1790,1500,191,,2.75E+02,
1.39E+12,134,48,156,41,1790,1500,191,,2.70E+02,
1.39E+12,134,49,21,42,1790,1500,191,,2.66E+02,
1.39E+12,148,49,164,41,1790,1500,191,,2.68E+02,
1.39E+12,107,47,149,43,1790,1500,191,,2.69E+02,
1.39E+12,128,47,28,46,1790,1500,191,,2.69E+02,
1.39E+12,114,47,19,49,1790,1500,191,,2.69E+02,
1.39E+12,111,47,22,49,1790,1500,191,,2.65E+02,
1.39E+12,110,46,105,48,1790,1500,191,,2.73E+02,
1.39E+12,115,46,104,48,1790,1500,191,,2.76E+02,
1.39E+12,99,46,102,49,1790,1500,191,,2.67E+02,
1.39E+12,96,47,104,51,1790,1500,191,,2.73E+02,
1.39E+12,92,47,106,50,1790,1500,191,,2.68E+02,
1.39E+12,98,47,105,50,1790,1500,191,,2.70E+02,
1.39E+12,88,47,105,50,1790,1500,191,,2.73E+02,
1.39E+12,92,47,108,50,1790,1500,191,,2.64E+02,
1.39E+12,95,47,105,50,1790,1500,191,,2.69E+02,
1.39E+12,94,47,108,49,1790,1500,191,,2.66E+02,
1.39E+12,125,47,104,50,1790,1500,191,,2.68E+02,
1.39E+12,121,47,101,50,1790,1500,191,,2.70E+02,
1.39E+12,102,48,134,49,1790,1500,191,,2.69E+02,
1.39E+12,121,47,132,50,1790,1500,191,,2.68E+02,
1.39E+12,133,48,129,50,1790,1500,191,,2.68E+02,
1.39E+12,121,47,132,50,1790,1500,191,,2.71E+02,
1.39E+12,123,47,130,50,1790,1500,191,,2.76E+02,
1.39E+12,125,47,133,50,1790,1500,191,,2.72E+02,
1.39E+12,124,47,132,50,1520,1500,191,,2.72E+02,
1.39E+12,126,47,132,50,1520,1500,191,,2.70E+02,
1.39E+12,122,47,132,50,1520,1500,191,,2.72E+02,
1.39E+12,127,47,135,50,1520,1500,191,,2.70E+02,
1.39E+12,114,48,137,50,1520,1500,191,,2.71E+02,
1.39E+12,134,47,133,50,1520,1500,191,,2.69E+02,
1.39E+12,118,47,132,50,1520,1500,191,,2.69E+02,
1.39E+12,133,47,136,50,1520,1500,191,,2.68E+02,
1.39E+12,142,47,138,53,1520,1500,191,,2.77E+02,
1.39E+12,139,48,132,51,1520,1500,191,,2.70E+02,
1.39E+12,125,48,133,46,1520,1500,191,,2.73E+02,
1.39E+12,102,48,133,49,1520,1500,191,,2.71E+02,
1.39E+12,118,48,132,50,1520,1500,191,,2.75E+02,
1.39E+12,143,48,132,49,1520,1500,191,,2.76E+02,
1.39E+12,114,47,128,50,1520,1500,191,,2.71E+02,
1.39E+12,125,47,133,50,1520,1500,191,,2.70E+02,
1.39E+12,121,48,133,50,1520,1500,191,,2.69E+02,
1.39E+12,119,47,132,49,1520,1500,191,,2.68E+02,
1.39E+12,125,47,132,50,1520,1500,191,,2.66E+02,
1.39E+12,125,48,137,49,1520,1500,191,,2.69E+02,
1.39E+12,125,47,134,50,1520,1500,191,,2.69E+02,
1.39E+12,125,48,134,50,1520,1500,191,,2.71E+02,
1.39E+12,115,47,132,51,1520,1500,191,,2.73E+02,
1.39E+12,138,48,130,50,1520,1500,191,,2.69E+02,
1.39E+12,120,48,133,50,1520,1500,191,,2.69E+02,
1.39E+12,122,48,130,50,1520,1500,191,,2.66E+02,
1.39E+12,125,47,130,51,1520,1500,191,,2.77E+02,
1.39E+12,122,48,132,49,1520,1500,191,,2.78E+02,
1.39E+12,121,47,129,50,1520,1500,191,,2.72E+02,
1.39E+12,118,47,129,50,1180,1500,191,,2.88E+02,
1.39E+12,118,48,132,50,1180,1500,191,,2.68E+02,
1.39E+12,121,48,132,50,1180,1500,191,,2.72E+02,
1.39E+12,123,47,133,50,1180,1500,191,,2.66E+02,
1.39E+12,137,48,132,51,1180,1500,191,,2.68E+02,
1.39E+12,124,48,133,52,1180,1500,191,,2.73E+02,
1.39E+12,133,47,132,50,1180,1500,191,,2.71E+02,
1.39E+12,143,47,136,51,1180,1500,191,,2.66E+02,
1.39E+12,128,47,131,50,1180,1500,191,,2.68E+02,
1.39E+12,121,48,133,51,1180,1500,191,,2.68E+02,
1.39E+12,118,48,133,51,1180,1500,191,,2.69E+02,
1.39E+12,123,48,132,50,1180,1500,191,,2.68E+02,
1.39E+12,118,47,133,51,1180,1500,191,,2.65E+02,
1.39E+12,140,48,133,50,1540,1500,191,,2.81E+02,
1.39E+12,118,47,133,49,1540,1500,191,,2.68E+02,
1.39E+12,118,48,132,49,1540,1500,191,,2.68E+02,
1.39E+12,119,47,132,49,1540,1500,191,,2.69E+02,
1.39E+12,126,47,133,49,1540,1500,191,,2.69E+02,
1.39E+12,125,47,130,51,1540,1500,191,,2.68E+02,
1.39E+12,125,48,132,49,1540,1500,191,,2.68E+02,
1.39E+12,122,47,132,49,1540,1500,191,,2.72E+02,
1.39E+12,126,47,132,48,1540,1500,191,,2.66E+02,
1.39E+12,117,47,132,50,1540,1500,191,,2.72E+02,
1.39E+12,134,47,133,49,1540,1500,191,,2.70E+02,
1.39E+12,118,47,136,49,1540,1500,191,,2.72E+02,
1.39E+12,121,47,132,49,1540,1500,191,,2.65E+02,
1.39E+12,125,48,133,49,1540,1500,191,,2.69E+02,
1.39E+12,118,48,184,49,1540,1500,191,,2.77E+02,
1.39E+12,118,47,255,50,1540,1500,191,,2.66E+02,
1.39E+12,121,47,255,49,1540,1500,191,,2.68E+02,
1.39E+12,122,47,255,50,1540,1500,191,,2.67E+02,
1.39E+12,130,47,255,49,1540,1500,191,,2.66E+02,
1.39E+12,130,47,214,50,1540,1500,191,,2.70E+02,
1.39E+12,143,47,37,51,1540,1400,191,,2.68E+02,
1.39E+12,138,47,36,53,1540,1300,191,,2.73E+02,
1.39E+12,143,46,133,50,1540,1300,191,,2.79E+02,
1.39E+12,134,45,132,49,1540,1300,191,,2.70E+02,
1.39E+12,130,44,137,47,1540,1300,191,,2.75E+02,
1.39E+12,116,43,136,45,1540,1300,191,,2.67E+02,
1.39E+12,118,41,137,45,1540,1300,191,,2.66E+02,
1.39E+12,114,40,142,42,1540,1300,191,,2.67E+02,
1.39E+12,144,39,142,42,1540,1300,191,,2.75E+02,
1.39E+12,113,37,139,40,1540,1300,191,,2.68E+02,
1.39E+12,121,36,147,39,1540,1300,191,,2.65E+02,
1.39E+12,125,34,146,37,1650,1300,191,,2.71E+02,
1.39E+12,127,32,152,35,1650,1300,191,,2.64E+02,
1.39E+12,130,31,151,34,1650,1300,191,,2.68E+02,
1.39E+12,137,31,152,34,1650,1300,191,,2.69E+02,
1.39E+12,134,32,151,33,1650,1300,191,,2.67E+02,
1.39E+12,145,33,152,34,1650,1300,191,,2.66E+02,
1.39E+12,125,34,151,35,1650,1300,191,,2.66E+02,
1.39E+12,255,37,148,36,1410,1300,191,,2.75E+02,
1.39E+12,255,49,136,37,1410,1300,191,,2.74E+02,
1.39E+12,255,48,211,50,1410,1300,191,,2.83E+02,
1.39E+12,255,46,162,51,1410,1300,191,,2.68E+02,
1.39E+12,255,44,121,48,1410,1300,191,,2.79E+02,
1.39E+12,102,31,230,48,1410,1300,191,,2.77E+02,
1.39E+12,135,28,194,32,1510,1300,191,,2.80E+02,
1.39E+12,169,23,194,29,1510,1300,191,,2.66E+02,
1.39E+12,255,20,180,26,1510,1300,191,,2.69E+02,
1.39E+12,133,17,178,23,1510,1300,191,,2.70E+02,
1.39E+12,121,16,194,21,1510,1300,191,,2.68E+02,
1.39E+12,138,15,159,19,1510,1300,191,,2.63E+02,
1.39E+12,128,15,157,17,1510,1300,191,,2.64E+02,
1.39E+12,144,255,163,16,1000,1300,191,,2.69E+02,
1.39E+12,139,255,163,18,1000,1300,191,,2.66E+02,
1.39E+12,187,255,168,92,1000,1300,191,,2.65E+02,
1.39E+12,255,255,173,117,1000,1300,191,,2.76E+02,
1.39E+12,255,255,183,150,1000,1300,191,,5.41E+02,
1.39E+12,255,153,255,132,1000,1300,191,,2.69E+02,
1.39E+12,221,143,148,141,1000,1300,191,,2.74E+02,
1.39E+12,255,129,255,151,1000,1300,191,,2.69E+02,
1.39E+12,129,138,151,138,1000,1300,191,,2.70E+02,
1.39E+12,255,133,179,139,1000,1300,191,,2.68E+02,
1.39E+12,225,130,174,134,1000,1300,191,,2.72E+02,
1.39E+12,73,121,172,129,1000,1300,191,,2.68E+02,
1.39E+12,79,113,77,124,1000,1300,191,,2.75E+02,
1.39E+12,97,97,79,129,1000,1300,191,,2.87E+02,
1.39E+12,103,58,95,114,1000,1300,191,,2.79E+02,
1.39E+12,67,85,101,108,1000,1300,191,,2.77E+02,
1.39E+12,153,113,169,105,1000,1300,191,,2.77E+02,
1.39E+12,255,99,182,86,1670,1300,191,,2.81E+02,
1.39E+12,255,79,172,63,1670,1300,191,,2.79E+02,
1.39E+12,255,56,156,92,1670,1300,191,,2.85E+02,
1.39E+12,255,39,201,65,1670,1300,191,,2.72E+02,
1.39E+12,255,19,230,45,1670,1300,191,,2.69E+02,
1.39E+12,255,20,216,46,1670,1300,191,,2.64E+02,
1.39E+12,255,20,200,45,1670,1300,191,,2.68E+02,
1.39E+12,255,19,255,44,1670,1300,191,,2.65E+02,
1.39E+12,255,19,199,44,1670,1500,191,,2.72E+02,
1.39E+12,255,255,255,255,1670,1500,191,,2.64E+02,
1.39E+12,234,255,255,255,1670,1500,191,,2.69E+02,
1.39E+12,232,255,255,255,1670,1500,191,,2.63E+02,
1.39E+12,233,255,255,255,1670,1500,191,,2.67E+02,
1.39E+12,233,255,255,255,1670,1500,191,,2.62E+02,
1.39E+12,233,255,255,255,1670,1500,191,,2.61E+02,
1.39E+12,236,255,255,255,1670,1500,191,,2.61E+02,
1.39E+12,233,255,255,255,1670,1500,191,,2.62E+02,
1.39E+12,232,255,255,255,1670,1500,191,,2.75E+02,
1.39E+12,233,255,255,255,1670,1500,191,,2.62E+02,
1.39E+12,233,255,255,255,1670,1500,191,,2.64E+02,
1.39E+12,232,255,255,255,1670,1500,191,,2.63E+02,
1.39E+12,234,255,255,255,1670,1500,191,,2.63E+02,
1.39E+12,233,255,255,255,1670,1500,191,,2.67E+02,
1.39E+12,233,255,255,255,1670,1500,191,,2.61E+02,
1.39E+12,233,255,255,255,1670,1500,191,,2.63E+02,
1.39E+12,234,255,255,255,1670,1500,191,,2.62E+02,
1.39E+12,232,255,255,255,1670,1500,191,,2.64E+02,
1.39E+12,233,255,255,255,1670,1500,191,,2.62E+02,
1.39E+12,233,255,255,255,1670,1500,191,,2.67E+02,
1.39E+12,233,255,255,255,1670,1500,191,,2.64E+02,
1.39E+12,232,255,255,255,1670,1500,191,,2.69E+02,
1.39E+12,232,255,255,255,1670,1500,191,,5.34E+02,
1.39E+12,234,255,255,255,1670,1500,191,,2.62E+02,
1.39E+12,232,255,255,255,1670,1500,191,,2.64E+02,
1.39E+12,232,255,255,255,1670,1500,191,,2.62E+02,
1.39E+12,233,255,255,255,1670,1500,191,,5.24E+02,
1.39E+12,230,255,255,255,1670,1500,191,,2.65E+02,
1.39E+12,233,255,255,255,1670,1500,191,,2.66E+02,
1.39E+12,232,255,255,255,1670,1500,191,,2.63E+02,
1.39E+12,232,255,255,255,1670,1500,191,,2.61E+02,
1.39E+12,226,255,255,255,1670,1500,191,,2.72E+02,
1.39E+12,42,156,25,35,1670,1500,191,,2.75E+02,
1.39E+12,40,28,24,36,1670,1500,191,,2.75E+02,
1.39E+12,45,27,23,36,1670,1500,191,,2.70E+02,
1.39E+12,39,27,22,36,1670,1500,191,,2.73E+02,
1.39E+12,30,27,22,36,1670,1500,191,,2.78E+02,
1.39E+12,28,27,34,36,1670,1500,191,,2.71E+02,
1.39E+12,26,27,28,36,1670,1500,191,,2.65E+02,
1.39E+12,28,27,27,36,1670,1500,191,,2.67E+02,
1.39E+12,28,27,27,36,1670,1500,191,,2.67E+02,
1.39E+12,27,27,22,36,1670,1500,191,,2.66E+02,
1.39E+12,28,27,27,36,1670,1500,191,,2.69E+02,
1.39E+12,28,27,27,36,1670,1500,191,,2.63E+02,
1.39E+12,27,27,27,36,1670,1500,191,,2.63E+02,
1.39E+12,28,28,27,36,1670,1500,191,,2.65E+02,
1.39E+12,28,27,27,36,1670,1500,191,,2.63E+02,
1.39E+12,28,27,27,36,1670,1500,191,,2.64E+02,
1.39E+12,28,27,27,36,1670,1500,191,,2.61E+02,
1.39E+12,29,27,28,36,1670,1500,191,,2.65E+02,
1.39E+12,32,27,27,36,1670,1500,191,,2.66E+02,
1.39E+12,32,27,27,36,1670,1500,191,,2.65E+02,
1.39E+12,32,27,28,36,1670,1500,191,,2.69E+02,
1.39E+12,31,28,28,36,1670,1500,191,,2.66E+02,
1.39E+12,30,27,29,36,1670,1500,191,,2.65E+02,
1.39E+12,29,27,28,16,1670,1500,191,,2.73E+02,
1.39E+12,29,28,28,16,1670,1500,191,,2.79E+02,
1.39E+12,30,27,28,16,1670,1500,191,,2.66E+02,
1.39E+12,31,27,29,36,1670,1500,191,,2.73E+02,
1.39E+12,31,27,28,36,1670,1500,191,,2.73E+02,
1.39E+12,34,27,25,36,1670,1500,191,,2.72E+02,
1.39E+12,43,27,25,36,1670,1500,191,,2.66E+02,
1.39E+12,44,27,30,35,1670,1500,191,,2.65E+02,
1.39E+12,255,27,35,36,1670,1500,191,,2.71E+02,
1.39E+12,255,27,35,36,1670,1500,191,,2.68E+02,
1.39E+12,255,31,34,39,1670,1500,191,,2.67E+02,
1.39E+12,85,38,37,43,1670,1500,191,,2.73E+02,
1.39E+12,66,39,36,43,1670,1500,191,,2.70E+02,
1.39E+12,138,39,31,44,1670,1500,191,,2.69E+02,
1.39E+12,57,40,34,44,1670,1500,191,,2.67E+02,
1.39E+12,32,40,35,43,1670,1500,191,,2.73E+02,
1.39E+12,37,41,122,43,1670,1500,191,,2.68E+02,
1.39E+12,15,43,48,46,1670,1500,191,,2.68E+02,
1.39E+12,15,46,56,47,1670,1500,191,,2.81E+02,
1.39E+12,21,51,41,63,1670,1500,191,,2.80E+02,
1.39E+12,17,59,88,79,1670,1500,191,,2.69E+02,
1.39E+12,17,48,35,72,1670,1500,191,,2.78E+02,
1.39E+12,16,55,30,81,1670,1500,191,,2.78E+02,
1.39E+12,20,61,30,89,1670,1500,191,,2.73E+02,
1.39E+12,17,58,34,85,1670,1500,191,,2.64E+02,
1.39E+12,19,53,32,77,1670,1500,191,,2.64E+02,
1.39E+12,16,48,34,42,1670,1500,191,,2.68E+02,
1.39E+12,18,42,29,255,1670,1500,191,,2.78E+02,
1.39E+12,17,29,29,123,1670,1500,191,,2.70E+02,
1.39E+12,18,29,30,90,1670,1500,191,,2.68E+02,
1.39E+12,17,39,28,77,1670,1500,191,,2.65E+02,
1.39E+12,18,49,34,80,1670,1500,191,,2.71E+02,
1.39E+12,18,58,28,87,1670,1500,191,,2.69E+02,
1.39E+12,17,63,36,87,1670,1500,191,,2.67E+02,
1.39E+12,18,71,26,75,1670,1500,191,,2.70E+02,
1.39E+12,17,74,25,116,1670,1500,191,,2.71E+02,
1.39E+12,17,94,25,104,1670,1500,191,,2.66E+02,
1.39E+12,15,101,31,122,1670,1500,191,,2.74E+02,
1.39E+12,18,83,28,100,1670,1500,191,,2.68E+02,
1.39E+12,16,89,21,118,1670,1500,191,,2.71E+02,
1.39E+12,17,96,23,114,1670,1500,191,,2.64E+02,
1.39E+12,16,96,27,114,1670,1500,191,,2.65E+02,
1.39E+12,17,94,31,118,1670,1500,191,,2.69E+02,
1.39E+12,15,97,19,121,1670,1500,191,,2.72E+02,
1.39E+12,16,93,25,111,1670,1500,191,,5.34E+02,
1.39E+12,15,89,25,110,1670,1500,191,,2.65E+02,
1.39E+12,16,94,31,110,1670,1500,191,,2.77E+02,
1.39E+12,15,94,20,115,1670,1500,191,,2.69E+02,
1.39E+12,16,103,25,122,1670,1500,191,,2.68E+02,
1.39E+12,16,106,24,121,1670,1500,191,,2.64E+02,
1.39E+12,15,102,20,255,1670,1500,191,,2.70E+02,
1.39E+12,16,218,28,255,1670,1500,191,,2.71E+02,
1.39E+12,15,255,19,255,1670,1500,191,,2.70E+02,
1.39E+12,16,255,20,255,1670,1500,191,,2.65E+02,
1.39E+12,16,255,24,255,1670,1500,191,,2.70E+02,
1.39E+12,16,255,25,255,1670,1500,191,,2.73E+02,
1.39E+12,16,255,16,255,1670,1500,191,,2.85E+02,
1.39E+12,16,255,15,255,1670,1500,191,,2.72E+02,
1.39E+12,15,255,38,255,1670,1500,191,,2.77E+02,
1.39E+12,16,255,27,255,1670,1500,191,,2.69E+02,
1.39E+12,15,255,38,255,1670,1500,191,,2.72E+02,
1.39E+12,18,255,37,255,1670,1500,191,,2.63E+02,
1.39E+12,15,255,15,255,1670,1500,191,,2.76E+02,
1.39E+12,17,91,18,116,1670,1500,191,,2.73E+02,
1.39E+12,16,99,22,113,1670,1500,191,,2.75E+02,
1.39E+12,16,100,40,118,1670,1500,191,,2.75E+02,
1.39E+12,17,94,19,114,1670,1500,191,,2.78E+02,
1.39E+12,16,97,16,115,1670,1500,191,,2.76E+02,
1.39E+12,16,95,16,108,1670,1500,191,,2.67E+02,
1.39E+12,16,92,16,104,1670,1500,191,,2.66E+02,
1.39E+12,15,88,37,95,1670,1500,191,,2.69E+02,
1.39E+12,16,85,19,98,1670,1500,191,,2.87E+02,
1.39E+12,15,92,38,105,1670,1500,191,,2.76E+02,
1.39E+12,15,97,33,104,1670,1500,191,,2.80E+02,
1.39E+12,16,97,40,101,1670,1500,191,,2.78E+02,
1.39E+12,16,90,39,108,1670,1500,191,,2.80E+02,
1.39E+12,16,89,43,104,1670,1500,191,,2.79E+02,
1.39E+12,15,93,45,107,1670,1500,191,,2.72E+02,
1.39E+12,15,90,34,102,1670,1500,191,,2.76E+02,
1.39E+12,15,93,40,100,1670,1500,191,,2.80E+02,
1.39E+12,41,88,36,103,1670,1500,191,,2.77E+02,
1.39E+12,40,91,40,108,1510,1500,191,,2.70E+02,
1.39E+12,41,91,92,104,1510,1500,191,,2.81E+02,
1.39E+12,90,91,95,103,1510,1500,191,,2.83E+02,
1.39E+12,96,91,92,102,1510,1500,191,,2.71E+02,
1.39E+12,96,88,92,103,1510,1500,191,,2.69E+02,
1.39E+12,93,92,92,102,1510,1500,191,,2.82E+02,
1.39E+12,93,91,95,104,1510,1500,191,,2.75E+02,
1.39E+12,93,88,95,108,1510,1500,191,,2.75E+02,
1.39E+12,55,88,91,104,1510,1500,191,,2.79E+02,
1.39E+12,57,89,52,100,1510,1500,191,,2.81E+02,
1.39E+12,57,90,50,102,1510,1500,191,,2.72E+02,
1.39E+12,82,90,47,103,1510,1500,191,,2.81E+02,
1.39E+12,83,90,48,105,1510,1500,191,,2.72E+02,
1.39E+12,85,90,48,101,1510,1500,191,,2.69E+02,
1.39E+12,83,85,48,101,1510,1500,191,,2.81E+02,
1.39E+12,85,89,48,104,1510,1500,191,,2.74E+02,
1.39E+12,83,91,48,103,1510,1500,191,,2.75E+02,
1.39E+12,79,91,49,105,1510,1400,191,,2.67E+02,
1.39E+12,93,104,47,108,1510,1300,191,,2.72E+02,
1.39E+12,96,88,69,104,1510,1300,191,,2.81E+02,
1.39E+12,95,91,53,125,1510,1200,191,,2.80E+02,
1.39E+12,96,91,96,97,1510,1200,191,,2.74E+02,
1.39E+12,100,90,94,99,1510,1200,191,,2.72E+02,
1.39E+12,159,86,45,95,1510,1200,191,,2.65E+02,
1.39E+12,175,92,182,95,1510,1200,191,,2.72E+02,
1.39E+12,169,88,194,94,1510,1200,191,,2.78E+02,
1.39E+12,159,84,201,97,1510,1200,191,,2.74E+02,
1.39E+12,230,86,125,95,1510,1200,191,,2.79E+02,
1.39E+12,215,85,146,95,1510,1200,191,,2.68E+02,
1.39E+12,255,85,151,92,1510,1200,191,,2.74E+02,
1.39E+12,106,89,224,95,1510,1200,191,,2.74E+02,
1.39E+12,103,255,101,255,1510,1200,191,,2.78E+02,
1.39E+12,101,255,102,255,1510,1200,191,,2.75E+02,
1.39E+12,102,255,101,255,1510,1200,191,,2.73E+02,
1.39E+12,102,255,101,255,1570,1200,191,,2.77E+02,
1.39E+12,103,255,101,255,1570,1200,191,,2.69E+02,
1.39E+12,102,255,100,255,1570,1200,191,,2.71E+02,
1.39E+12,99,255,101,255,1570,1200,191,,2.69E+02,
1.39E+12,99,138,100,210,1570,1200,191,,2.69E+02,
1.39E+12,96,91,98,255,1420,1200,191,,5.49E+02,
1.39E+12,92,95,95,100,1420,1200,191,,2.81E+02,
1.39E+12,94,93,96,100,1420,1200,191,,2.78E+02,
1.39E+12,94,88,92,101,1420,1200,191,,2.76E+02,
1.39E+12,96,88,95,97,1420,1200,191,,2.66E+02,
1.39E+12,103,85,99,95,1420,1200,191,,2.69E+02,
1.39E+12,104,81,102,92,1420,1200,191,,2.69E+02,
1.39E+12,114,77,104,83,1420,1200,191,,2.73E+02,
1.39E+12,113,70,113,82,1560,1200,191,,2.91E+02,
1.39E+12,121,61,119,70,1560,1200,191,,5.39E+02,
1.39E+12,128,57,124,65,1560,1200,191,,2.74E+02,
1.39E+12,148,52,127,60,1560,1200,191,,2.71E+02,
1.39E+12,159,62,247,55,1560,1200,191,,2.80E+02,
1.39E+12,237,59,185,69,1560,1200,191,,2.77E+02,
1.39E+12,255,57,151,64,1560,1200,191,,2.78E+02,
1.39E+12,253,42,197,60,1560,1200,191,,2.80E+02,
1.39E+12,139,40,185,44,1560,1200,191,,2.80E+02,
1.39E+12,148,38,194,41,1560,1200,191,,2.70E+02,
1.39E+12,153,36,173,39,1560,1200,191,,2.67E+02,
1.39E+12,130,34,146,37,1000,1200,191,,2.86E+02,
1.39E+12,134,34,143,35,1000,1200,191,,2.73E+02,
1.39E+12,125,128,151,30,1000,1200,191,,2.73E+02,
1.39E+12,255,155,164,59,1000,1200,191,,2.76E+02,
1.39E+12,255,146,184,101,1000,1200,191,,2.81E+02,
1.39E+12,255,137,167,119,1000,1200,191,,2.75E+02,
1.39E+12,255,130,255,119,1000,1200,191,,2.80E+02,
1.39E+12,255,120,182,128,1000,1200,191,,2.71E+02,
1.39E+12,255,117,185,122,1000,1200,191,,2.78E+02,
1.39E+12,92,109,61,110,1000,1200,191,,2.84E+02,
1.39E+12,96,97,48,107,1000,1200,191,,2.77E+02,
1.39E+12,117,100,113,100,1000,1200,191,,2.74E+02,
1.39E+12,221,82,102,86,1000,1200,191,,2.77E+02,
1.39E+12,255,72,173,99,1000,1500,191,,2.88E+02,
1.39E+12,255,57,255,78,1000,1500,191,,2.82E+02,
1.39E+12,255,55,230,77,1000,1500,191,,2.69E+02,
1.39E+12,255,56,37,81,1000,1500,191,,2.66E+02,
1.39E+12,255,55,95,75,1000,1500,191,,2.69E+02,
1.39E+12,255,56,194,77,1000,1500,191,,2.74E+02,
1.39E+12,255,55,255,77,1000,1500,191,,2.65E+02,
1.39E+12,255,56,246,69,1000,1500,191,,2.69E+02,
1.39E+12,255,55,255,83,1000,1500,191,,2.76E+02,
1.39E+12,255,54,255,77,1000,1500,191,,2.67E+02,
1.39E+12,255,55,255,76,1000,1500,191,,2.66E+02,
1.39E+12,255,56,245,77,1000,1500,191,,2.66E+02,
1.39E+12,255,55,195,76,1000,1500,191,,2.65E+02,
1.39E+12,255,54,108,73,1000,1500,191,,2.68E+02,
1.39E+12,255,54,50,78,1000,1500,191,,2.69E+02,
1.39E+12,255,56,46,81,1000,1500,191,,2.68E+02,
1.39E+12,255,56,45,77,1000,1500,191,,2.82E+02,
1.39E+12,255,56,45,75,1000,1500,191,,2.66E+02,
1.39E+12,255,54,44,74,1000,1500,191,,2.68E+02,
1.39E+12,255,55,43,78,1000,1500,191,,2.65E+02,
1.39E+12,255,53,44,75,1000,1500,191,,2.76E+02,
1.39E+12,255,57,44,82,1000,1500,191,,2.72E+02,
1.39E+12,255,54,39,74,1000,1500,191,,2.73E+02,
1.39E+12,255,56,41,75,1000,1500,191,,2.70E+02,
1.39E+12,255,55,42,79,1000,1500,191,,2.65E+02,
1.39E+12,255,55,43,75,1000,1500,191,,2.65E+02,
1.39E+12,255,56,42,75,1000,1500,191,,2.70E+02,
1.39E+12,255,54,33,71,1000,1500,191,,2.66E+02,
1.39E+12,255,55,32,79,1000,1500,191,,2.73E+02,
1.39E+12,255,55,31,78,1000,1500,191,,2.68E+02,
1.39E+12,255,55,35,77,1000,1500,191,,2.69E+02,
1.39E+12,255,55,37,77,1000,1500,191,,2.73E+02,
1.39E+12,255,55,38,77,1000,1500,191,,2.66E+02,
1.39E+12,255,54,38,74,1000,1500,191,,2.71E+02,
1.39E+12,255,54,38,81,1000,1500,191,,2.72E+02,
1.39E+12,255,57,37,77,1000,1500,191,,2.72E+02,
1.39E+12,255,56,37,78,1000,1500,191,,2.66E+02,
1.39E+12,255,56,36,75,1000,1500,191,,2.65E+02,
1.39E+12,255,55,36,80,1000,1500,191,,2.66E+02,
1.39E+12,255,54,37,77,1000,1500,191,,2.69E+02,
1.39E+12,255,56,37,71,1000,1500,191,,2.71E+02,
1.39E+12,255,56,37,82,1000,1500,191,,2.74E+02,
1.39E+12,255,54,37,77,1000,1500,191,,2.72E+02,
1.39E+12,255,56,37,75,1000,1500,191,,2.69E+02,
1.39E+12,255,54,38,77,1000,1500,191,,2.65E+02,
1.39E+12,255,55,37,78,1000,1500,191,,2.65E+02,
1.39E+12,255,55,37,73,1000,1500,191,,2.75E+02,
1.39E+12,255,55,37,73,1000,1500,191,,2.65E+02,
1.39E+12,255,54,37,78,1000,1500,191,,2.73E+02,
1.39E+12,255,57,37,79,1000,1500,191,,2.68E+02,
1.39E+12,255,55,37,78,1000,1500,191,,2.65E+02,
1.39E+12,255,54,37,75,1000,1500,191,,2.70E+02,
1.39E+12,255,56,37,76,1000,1500,191,,2.69E+02,
1.39E+12,255,56,36,75,1000,1500,191,,2.65E+02,
1.39E+12,255,55,36,82,1000,1500,191,,2.74E+02,
1.39E+12,255,55,37,81,1000,1500,191,,2.69E+02,
1.39E+12,255,55,37,77,1000,1500,191,,2.69E+02,
1.39E+12,255,54,37,75,1000,1500,191,,2.66E+02,
1.39E+12,255,55,36,76,1000,1500,191,,2.65E+02,
1.39E+12,255,55,36,77,1000,1500,191,,2.65E+02,
1.39E+12,255,55,37,75,1000,1500,191,,2.65E+02,
1.39E+12,255,56,37,73,1000,1500,191,,2.76E+02,
1.39E+12,255,55,37,82,1000,1500,191,,2.74E+02,
1.39E+12,255,55,38,78,1000,1500,191,,2.69E+02,
1.39E+12,255,55,38,76,1000,1500,191,,2.65E+02,
1.39E+12,255,55,38,74,1000,1500,191,,2.69E+02,
1.39E+12,255,55,38,78,1000,1500,191,,2.66E+02,
1.39E+12,255,55,38,79,1000,1500,191,,2.66E+02,
1.39E+12,255,55,37,70,1000,1500,191,,2.71E+02,
1.39E+12,255,55,37,82,1000,1500,191,,2.73E+02,
1.39E+12,255,57,36,77,1000,1500,191,,2.69E+02,
1.39E+12,255,54,36,77,1000,1500,191,,2.67E+02,
1.39E+12,255,55,35,77,1000,1500,191,,2.65E+02,
1.39E+12,255,56,35,75,1000,1500,191,,2.65E+02,
1.39E+12,255,56,34,71,1000,1500,191,,2.69E+02,
1.39E+12,255,55,34,81,1000,1500,191,,2.76E+02,
1.39E+12,255,55,35,79,1000,1500,191,,2.83E+02,
1.39E+12,255,56,36,79,1000,1500,191,,2.71E+02,
1.39E+12,255,56,37,75,1000,1500,191,,2.66E+02,
1.39E+12,255,56,37,78,1000,1500,191,,2.65E+02,
1.39E+12,255,55,38,75,1000,1500,191,,2.65E+02,
1.39E+12,255,54,39,73,1000,1500,191,,2.65E+02,
1.39E+12,255,55,43,78,1000,1500,191,,2.72E+02,
1.39E+12,255,57,44,80,1000,1500,191,,2.69E+02,
1.39E+12,255,54,45,77,1000,1500,191,,2.67E+02,
1.39E+12,255,55,42,79,1000,1500,191,,2.72E+02,
1.39E+12,255,56,36,78,1000,1500,191,,2.65E+02,
1.39E+12,255,54,35,77,1000,1500,191,,2.65E+02,
1.39E+12,255,56,36,77,1000,1500,191,,2.74E+02,
1.39E+12,255,54,37,73,1000,1500,191,,2.66E+02,
1.39E+12,255,55,37,77,1000,1500,191,,2.68E+02,
1.39E+12,255,55,36,77,1000,1500,191,,2.69E+02,
1.39E+12,255,56,37,67,1000,1500,191,,2.81E+02,
1.39E+12,255,57,37,77,1000,1500,191,,2.66E+02,
1.39E+12,255,56,36,77,1000,1500,191,,2.71E+02,
1.39E+12,255,54,37,74,1000,1500,191,,2.66E+02,
1.39E+12,255,55,38,82,1000,1500,191,,2.72E+02,
1.39E+12,255,54,28,77,1000,1500,191,,2.76E+02,
1.39E+12,255,55,32,76,1000,1500,191,,2.71E+02,
1.39E+12,255,55,37,81,1000,1500,191,,2.66E+02,
1.39E+12,255,54,15,75,1000,1500,191,,2.69E+02,
1.39E+12,255,56,17,74,1000,1500,191,,2.66E+02,
1.39E+12,255,55,38,75,1000,1500,191,,2.65E+02,
1.39E+12,255,56,38,75,1000,1500,191,,2.71E+02,
1.39E+12,255,57,38,81,1000,1500,191,,2.67E+02,
1.39E+12,255,54,38,77,1000,1500,191,,2.68E+02,
1.39E+12,255,55,38,80,1000,1500,191,,2.64E+02,
1.39E+12,255,55,39,78,1000,1500,191,,2.76E+02,
1.39E+12,255,54,38,75,1000,1500,191,,2.66E+02,
1.39E+12,255,54,30,69,1000,1500,191,,2.78E+02,
1.39E+12,255,55,33,85,1000,1500,191,,2.66E+02,
1.39E+12,255,56,19,76,1000,1500,191,,2.74E+02,
1.39E+12,255,57,17,76,1000,1500,191,,2.66E+02,
1.39E+12,255,56,25,75,1000,1500,191,,2.68E+02,
1.39E+12,255,55,35,77,1000,1500,191,,2.65E+02,
1.39E+12,255,54,34,72,1000,1500,191,,2.69E+02,
1.39E+12,255,56,26,79,1000,1500,191,,2.68E+02,
1.39E+12,255,59,16,65,1000,1500,191,,2.77E+02,
1.39E+12,255,58,19,83,1000,1500,191,,2.78E+02,
1.39E+12,194,59,45,82,1000,1500,191,,2.72E+02,
1.39E+12,40,57,44,87,1000,1500,191,,2.74E+02,
1.39E+12,30,67,27,63,1000,1500,191,,2.92E+02,
1.39E+12,27,57,32,88,1000,1500,191,,2.81E+02,
1.39E+12,27,63,29,117,1000,1500,191,,2.80E+02,
1.39E+12,28,82,21,125,1000,1500,191,,2.70E+02,
1.39E+12,27,89,24,138,1000,1500,191,,2.68E+02,
1.39E+12,28,97,22,145,1000,1500,191,,2.69E+02,
1.39E+12,23,101,24,151,1000,1500,191,,2.73E+02,
1.39E+12,25,110,25,160,1000,1500,191,,2.70E+02,
1.39E+12,27,110,22,217,1000,1500,191,,2.75E+02,
1.39E+12,26,174,23,255,1000,1500,191,,2.68E+02,
1.39E+12,22,255,24,89,1000,1500,191,,2.71E+02,
1.39E+12,23,195,24,210,1000,1500,191,,2.70E+02,
1.39E+12,35,215,23,211,1000,1500,191,,2.74E+02,
1.39E+12,255,194,21,187,1000,1500,191,,2.65E+02,
1.39E+12,255,175,21,185,1000,1500,191,,2.67E+02,
1.39E+12,27,155,21,179,1000,1500,191,,2.79E+02,
1.39E+12,255,149,19,144,1000,1500,191,,2.69E+02,
1.39E+12,255,133,17,134,1000,1500,191,,2.68E+02,
1.39E+12,182,255,19,255,1000,1500,191,,2.66E+02,
1.39E+12,28,255,19,255,1000,1500,191,,2.69E+02,
1.39E+12,163,246,20,255,1000,1500,191,,2.63E+02,
1.39E+12,155,255,18,255,1000,1500,191,,2.66E+02,
1.39E+12,255,255,19,255,1000,1500,191,,2.65E+02,
1.39E+12,24,128,20,255,1000,1500,191,,2.74E+02,
1.39E+12,23,164,23,140,1000,1500,191,,2.68E+02,
1.39E+12,22,125,20,233,1000,1500,191,,2.68E+02,
1.39E+12,26,159,20,168,1000,1500,191,,2.72E+02,
1.39E+12,25,163,22,178,1000,1500,191,,2.75E+02,
1.39E+12,26,160,20,233,1000,1500,191,,2.67E+02,
1.39E+12,31,216,20,255,1000,1500,191,,2.68E+02,
1.39E+12,61,255,21,255,1000,1500,191,,2.71E+02,
1.39E+12,93,255,20,255,1000,1500,191,,2.72E+02,
1.39E+12,22,255,23,127,1000,1500,191,,2.80E+02,
1.39E+12,21,255,21,255,1000,1500,191,,2.68E+02,
1.39E+12,26,255,22,255,1000,1500,191,,2.69E+02,
1.39E+12,28,255,21,255,1000,1500,191,,2.72E+02,
1.39E+12,25,255,21,255,1000,1500,191,,2.79E+02,
1.39E+12,25,255,22,255,1000,1500,191,,2.70E+02,
1.39E+12,26,255,22,255,1000,1500,191,,2.64E+02,
1.39E+12,26,255,20,255,1000,1500,191,,2.65E+02,
1.39E+12,28,255,20,255,1000,1500,191,,2.64E+02,
1.39E+12,28,255,20,255,1000,1500,191,,2.68E+02,
1.39E+12,25,255,21,255,1000,1500,191,,2.65E+02,
1.39E+12,23,255,22,255,1000,1500,191,,2.67E+02,
1.39E+12,28,255,20,255,1000,1500,191,,2.72E+02,
1.39E+12,28,255,19,255,1000,1500,191,,2.74E+02,
1.39E+12,25,255,21,255,1000,1500,191,,2.76E+02,
1.39E+12,24,255,22,255,1000,1500,191,,2.65E+02,
1.39E+12,29,255,21,255,1000,1500,191,,2.66E+02,
1.39E+12,27,255,19,255,1000,1500,191,,2.67E+02,
1.39E+12,25,255,22,255,1000,1500,191,,2.66E+02,
1.39E+12,24,255,22,255,1000,1500,191,,2.71E+02,
1.39E+12,26,255,21,255,1000,1500,191,,2.71E+02,
1.39E+12,28,255,21,255,1000,1500,191,,2.64E+02,
1.39E+12,26,255,19,255,1000,1500,191,,2.66E+02,
1.39E+12,24,255,23,255,1000,1500,191,,2.67E+02,
1.39E+12,24,255,21,255,1000,1500,191,,2.64E+02,
1.39E+12,30,255,21,255,1000,1500,191,,2.71E+02,
1.39E+12,28,255,19,255,1000,1500,191,,2.73E+02,
1.39E+12,27,255,22,255,1000,1500,191,,2.72E+02,
1.39E+12,24,255,21,255,1000,1500,191,,2.69E+02,
1.39E+12,28,255,21,255,1000,1500,191,,2.73E+02,
1.39E+12,29,255,20,255,1000,1500,191,,2.63E+02,
1.39E+12,28,255,20,255,1000,1500,191,,2.66E+02,
1.39E+12,24,255,24,255,1000,1500,191,,2.72E+02,
1.39E+12,23,255,21,255,1000,1500,191,,2.68E+02,
1.39E+12,23,255,20,255,1000,1500,191,,5.38E+02,
1.39E+12,27,255,20,255,1000,1500,191,,2.76E+02,
1.39E+12,24,255,23,255,1000,1500,191,,2.66E+02,
1.39E+12,24,255,22,255,1000,1500,191,,2.66E+02,
1.39E+12,32,255,21,255,1000,1500,191,,2.81E+02,
1.39E+12,28,255,21,255,1000,1500,191,,2.66E+02,
1.39E+12,23,255,23,255,1000,1500,191,,2.75E+02,
1.39E+12,24,255,21,255,1000,1500,191,,2.65E+02,
1.39E+12,32,255,21,255,1000,1500,191,,2.70E+02,
1.39E+12,29,255,18,255,1000,1500,191,,2.78E+02,
1.39E+12,29,255,20,255,1000,1500,191,,2.68E+02,
1.39E+12,24,255,21,255,1000,1500,191,,2.66E+02,
1.39E+12,29,255,20,255,1000,1500,191,,2.75E+02,
1.39E+12,32,255,20,255,1000,1500,191,,2.67E+02,
1.39E+12,24,255,22,255,1000,1500,191,,2.75E+02,
1.39E+12,24,255,23,255,1000,1500,191,,2.73E+02,
1.39E+12,25,255,21,255,1000,1500,191,,2.69E+02,
1.39E+12,25,255,22,255,1000,1500,191,,2.66E+02,
1.39E+12,23,255,20,255,1000,1500,191,,2.69E+02,
1.39E+12,26,255,21,255,1000,1500,191,,2.74E+02,
1.39E+12,26,255,20,255,1000,1500,191,,2.68E+02,
1.39E+12,30,255,19,255,1000,1500,191,,2.70E+02,
1.39E+12,25,255,18,255,1000,1500,191,,2.70E+02,
1.39E+12,28,255,19,255,1000,1500,191,,2.67E+02,
1.39E+12,24,255,23,255,1000,1500,191,,2.70E+02,
1.39E+12,25,255,22,255,1000,1500,191,,2.75E+02,
1.39E+12,30,255,20,255,1000,1500,191,,2.74E+02,
1.39E+12,27,255,21,255,1000,1500,191,,2.69E+02,
1.39E+12,23,255,24,255,1000,1500,191,,2.72E+02,
1.39E+12,23,255,23,255,1000,1500,191,,2.66E+02,
1.39E+12,29,255,21,255,1000,1500,191,,2.77E+02,
1.39E+12,28,255,19,255,1000,1500,191,,2.66E+02,
1.39E+12,28,255,18,255,1000,1500,191,,2.70E+02,
1.39E+12,23,255,18,255,1000,1500,191,,2.69E+02,
1.39E+12,23,165,19,255,1000,1500,191,,2.67E+02,
1.39E+12,23,144,18,160,1000,1500,191,,2.65E+02,
1.39E+12,22,73,22,103,1000,1500,191,,2.72E+02,
1.39E+12,21,121,32,85,1000,1500,191,,2.81E+02,
1.39E+12,21,122,28,110,1000,1500,191,,2.66E+02,
1.39E+12,21,117,26,100,1000,1500,191,,2.69E+02,
1.39E+12,24,91,25,110,1000,1500,191,,2.75E+02,
1.39E+12,20,125,27,146,1000,1500,191,,2.67E+02,
1.39E+12,23,168,28,255,1000,1500,191,,2.72E+02,
1.39E+12,26,153,22,134,1000,1500,191,,2.71E+02,
1.39E+12,25,146,19,255,1000,1500,191,,2.67E+02,
1.39E+12,28,175,17,55,1000,1500,191,,2.65E+02,
1.39E+12,23,163,20,169,1000,1500,191,,2.66E+02,
1.39E+12,23,255,20,192,1000,1500,191,,2.68E+02,
1.39E+12,22,255,20,170,1000,1500,191,,2.66E+02,
1.39E+12,22,255,19,157,1000,1500,191,,2.68E+02,
1.39E+12,24,255,18,151,1000,1500,191,,2.70E+02,
1.39E+12,24,255,18,187,1000,1500,191,,2.68E+02,
1.39E+12,24,237,19,255,1000,1500,191,,2.64E+02,
1.39E+12,24,225,19,255,1000,1500,191,,2.66E+02,
1.39E+12,24,140,19,255,1000,1500,191,,2.66E+02,
1.39E+12,24,130,19,255,1000,1500,191,,2.76E+02,
1.39E+12,24,68,19,255,1000,1500,191,,2.67E+02,
1.39E+12,25,70,20,255,1000,1500,191,,2.65E+02,
1.39E+12,25,120,19,255,1000,1500,191,,2.71E+02,
1.39E+12,26,102,18,255,1000,1500,191,,2.68E+02,
1.39E+12,26,85,18,255,1000,1500,191,,2.68E+02,
1.39E+12,25,91,18,255,1000,1500,191,,2.65E+02,
1.39E+12,25,78,19,255,1000,1500,191,,2.65E+02,
1.39E+12,25,82,18,255,1000,1500,191,,2.65E+02,
1.39E+12,25,97,19,255,1000,1500,191,,2.67E+02,
1.39E+12,25,188,20,255,1000,1500,191,,2.65E+02,
1.39E+12,25,103,19,255,1000,1500,191,,2.67E+02,
1.39E+12,25,108,19,255,1000,1500,191,,2.65E+02,
1.39E+12,25,82,20,255,1000,1500,191,,2.68E+02,
1.39E+12,25,50,20,255,1000,1500,191,,2.66E+02,
1.39E+12,25,57,21,255,1000,1500,191,,2.78E+02,
1.39E+12,26,78,20,255,1000,1500,191,,2.67E+02,
1.39E+12,27,186,19,255,1000,1500,191,,2.66E+02,
1.39E+12,27,144,20,175,1000,1500,191,,2.67E+02,
1.39E+12,26,148,20,111,1000,1500,191,,2.71E+02,
1.39E+12,26,144,20,130,1000,1500,191,,2.66E+02,
1.39E+12,26,143,20,115,1000,1500,191,,2.67E+02,
1.39E+12,26,148,20,99,1000,1500,191,,2.66E+02,
1.39E+12,26,153,20,255,1000,1500,191,,2.66E+02,
1.39E+12,27,164,19,87,1000,1500,191,,2.69E+02,
1.39E+12,27,143,20,145,1000,1500,191,,2.67E+02,
1.39E+12,27,139,20,95,1000,1500,191,,2.66E+02,
1.39E+12,27,145,19,92,1000,1500,191,,2.67E+02,
1.39E+12,26,144,20,97,1000,1500,191,,2.66E+02,
1.39E+12,26,149,20,108,1000,1500,191,,2.71E+02,
1.39E+12,26,150,20,94,1000,1500,191,,2.80E+02,
1.39E+12,26,128,20,141,1000,1500,191,,2.69E+02,
1.39E+12,26,85,20,139,1000,1500,191,,2.67E+02,
1.39E+12,26,139,20,146,1000,1500,191,,2.71E+02,
1.39E+12,25,176,20,151,1000,1500,191,,2.71E+02,
1.39E+12,26,152,20,141,1000,1500,191,,2.67E+02,
1.39E+12,26,118,21,94,1000,1500,191,,2.68E+02,
1.39E+12,26,174,20,75,1000,1500,191,,2.66E+02,
1.39E+12,26,175,20,138,1000,1500,191,,2.64E+02,
1.39E+12,26,169,21,111,1000,1500,191,,2.67E+02,
1.39E+12,26,148,21,97,1000,1500,191,,2.65E+02,
1.39E+12,26,150,20,115,1000,1500,191,,2.65E+02,
1.39E+12,26,150,20,139,1000,1500,191,,2.64E+02,
1.39E+12,26,149,20,104,1000,1500,191,,2.66E+02,
1.39E+12,26,148,20,94,1000,1500,191,,2.66E+02,
1.39E+12,26,148,20,121,1000,1500,191,,2.69E+02,
1.39E+12,26,143,20,160,1000,1500,191,,2.73E+02,
1.39E+12,26,148,20,129,1000,1500,191,,2.67E+02,
1.39E+12,26,143,20,114,1000,1500,191,,2.67E+02,
1.39E+12,27,141,20,151,1000,1500,191,,2.69E+02,
1.39E+12,27,142,21,163,1000,1500,191,,2.71E+02,
1.39E+12,27,140,21,155,1000,1500,191,,2.66E+02,
1.39E+12,27,135,20,255,1000,1500,191,,2.69E+02,
1.39E+12,28,155,21,88,1000,1500,191,,2.65E+02,
1.39E+12,27,152,20,148,1000,1500,191,,2.66E+02,
1.39E+12,29,140,18,111,1000,1500,191,,2.67E+02,
1.39E+12,29,139,19,106,1000,1500,191,,2.66E+02,
1.39E+12,26,111,19,155,1000,1500,191,,2.68E+02,
1.39E+12,24,77,20,107,1000,1500,191,,2.73E+02,
1.39E+12,24,113,19,138,1000,1500,191,,2.66E+02,
1.39E+12,24,116,18,118,1000,1500,191,,2.65E+02,
1.39E+12,24,117,20,226,1000,1500,191,,2.69E+02,
1.39E+12,25,117,19,146,1000,1500,191,,2.67E+02,
1.39E+12,24,121,20,127,1000,1500,191,,2.66E+02,
1.39E+12,24,118,20,167,1000,1500,191,,2.66E+02,
1.39E+12,25,116,19,171,1000,1500,191,,2.71E+02,
1.39E+12,25,117,20,171,1000,1500,191,,2.66E+02,
1.39E+12,24,113,21,163,1000,1500,191,,2.68E+02,
1.39E+12,25,118,20,157,1000,1500,191,,2.65E+02,
1.39E+12,25,117,20,146,1000,1500,191,,2.70E+02,
