time,0014.4F01.0000.3560,0014.4F01.0000.7811,0014.4F01.0000.35EC
2013-09-17 21:05:20.38,73,,
2013-09-17 21:05:21.044,,69,
2013-09-17 21:05:21.921,,,85
2013-09-17 21:05:23.381,73,,
2013-09-17 21:05:24.045,,69,
2013-09-17 21:05:24.922,,,85
2013-09-17 21:05:26.383,73,,
2013-09-17 21:05:27.046,,69,
2013-09-17 21:05:27.923,,,85
2013-09-17 21:05:29.385,74,,
2013-09-17 21:05:30.047,,69,
2013-09-17 21:05:30.924,,,85
2013-09-17 21:05:32.387,73,,
2013-09-17 21:05:33.048,,69,
2013-09-17 21:05:33.925,,,85
2013-09-17 21:05:35.388,73,,
2013-09-17 21:05:36.049,,68,
2013-09-17 21:05:36.926,,,85
2013-09-17 21:05:38.389,73,,
2013-09-17 21:05:39.05,,68,
2013-09-17 21:05:39.927,,,85
2013-09-17 21:05:41.39,73,,
2013-09-17 21:05:42.051,,69,
2013-09-17 21:05:42.928,,,85
2013-09-17 21:05:44.391,74,,
2013-09-17 21:05:45.052,,69,
2013-09-17 21:05:45.929,,,85
2013-09-17 21:05:47.392,74,,
2013-09-17 21:05:48.053,,69,
2013-09-17 21:05:48.93,,,85
2013-09-17 21:05:50.393,74,,
2013-09-17 21:05:51.054,,69,
2013-09-17 21:05:51.931,,,85
2013-09-17 21:05:53.394,73,,
2013-09-17 21:05:54.055,,69,
2013-09-17 21:05:54.932,,,86
2013-09-17 21:05:56.396,73,,
2013-09-17 21:05:57.056,,69,
2013-09-17 21:05:57.933,,,85
2013-09-17 21:05:59.397,73,,
2013-09-17 21:06:00.057,,69,
2013-09-17 21:06:00.934,,,85
2013-09-17 21:06:02.398,74,,
2013-09-17 21:06:03.058,,68,
2013-09-17 21:06:03.935,,,85
2013-09-17 21:06:05.399,74,,
2013-09-17 21:06:06.059,,69,
2013-09-17 21:06:06.936,,,85
2013-09-17 21:06:08.4,73,,
2013-09-17 21:06:09.06,,69,
2013-09-17 21:06:09.937,,,85
2013-09-17 21:06:11.401,73,,
2013-09-17 21:06:12.061,,69,
2013-09-17 21:06:12.938,,,85
2013-09-17 21:06:14.404,73,,
2013-09-17 21:06:15.062,,69,
2013-09-17 21:06:15.939,,,85
2013-09-17 21:06:17.405,74,,
2013-09-17 21:06:18.063,,69,
2013-09-17 21:06:18.94,,,85
2013-09-17 21:06:20.406,74,,
2013-09-17 21:06:21.064,,69,
2013-09-17 21:06:21.941,,,84
2013-09-17 21:06:23.407,74,,
2013-09-17 21:06:24.065,,69,
2013-09-17 21:06:24.942,,,84
2013-09-17 21:06:26.408,73,,
2013-09-17 21:06:27.066,,69,
2013-09-17 21:06:27.943,,,83
2013-09-17 21:06:29.409,73,,
2013-09-17 21:06:30.067,,69,
2013-09-17 21:06:30.944,,,83
2013-09-17 21:06:32.41,74,,
2013-09-17 21:06:33.068,,69,
2013-09-17 21:06:33.945,,,83
2013-09-17 21:06:35.411,74,,
2013-09-17 21:06:36.069,,69,
2013-09-17 21:06:36.946,,,83
2013-09-17 21:06:38.412,74,,
2013-09-17 21:06:39.07,,69,
2013-09-17 21:06:39.947,,,83
2013-09-17 21:06:41.413,73,,
2013-09-17 21:06:42.071,,69,
2013-09-17 21:06:42.948,,,83
2013-09-17 21:06:44.414,73,,
2013-09-17 21:06:45.072,,69,
2013-09-17 21:06:45.949,,,83
2013-09-17 21:06:47.416,73,,
2013-09-17 21:06:48.073,,69,
2013-09-17 21:06:48.95,,,83
2013-09-17 21:06:50.417,73,,
2013-09-17 21:06:51.074,,69,
2013-09-17 21:06:51.951,,,84
2013-09-17 21:06:53.418,74,,
2013-09-17 21:06:54.075,,69,
2013-09-17 21:06:54.952,,,83
2013-09-17 21:06:56.419,73,,
2013-09-17 21:06:57.076,,69,
2013-09-17 21:06:57.953,,,83
2013-09-17 21:06:59.423,74,,
2013-09-17 21:07:00.077,,69,
2013-09-17 21:07:00.954,,,84
2013-09-17 21:07:02.424,73,,
2013-09-17 21:07:03.078,,69,
2013-09-17 21:07:03.955,,,84
2013-09-17 21:07:05.425,73,,
2013-09-17 21:07:06.079,,69,
2013-09-17 21:07:06.956,,,84
2013-09-17 21:07:08.427,73,,
2013-09-17 21:07:09.08,,69,
2013-09-17 21:07:09.957,,,83
2013-09-17 21:07:11.43,74,,
2013-09-17 21:07:12.081,,69,
2013-09-17 21:07:12.958,,,83
2013-09-17 21:07:14.431,74,,
2013-09-17 21:07:15.082,,69,
2013-09-17 21:07:15.959,,,83
2013-09-17 21:07:17.432,73,,
2013-09-17 21:07:18.083,,69,
2013-09-17 21:07:18.96,,,83
2013-09-17 21:07:20.433,73,,
2013-09-17 21:07:21.084,,69,
2013-09-17 21:07:21.961,,,82
2013-09-17 21:07:23.436,74,,
2013-09-17 21:07:24.085,,69,
2013-09-17 21:07:24.962,,,83
2013-09-17 21:07:26.437,74,,
2013-09-17 21:07:27.086,,69,
2013-09-17 21:07:27.963,,,82
2013-09-17 21:07:29.438,74,,
2013-09-17 21:07:30.087,,69,
2013-09-17 21:07:30.965,,,82
2013-09-17 21:07:32.439,73,,
2013-09-17 21:07:33.088,,69,
2013-09-17 21:07:33.966,,,83
2013-09-17 21:07:35.44,73,,
2013-09-17 21:07:36.089,,69,
2013-09-17 21:07:36.967,,,82
2013-09-17 21:07:38.442,73,,
2013-09-17 21:07:39.09,,69,
2013-09-17 21:07:39.968,,,82
2013-09-17 21:07:41.443,74,,
2013-09-17 21:07:42.091,,69,
2013-09-17 21:07:42.97,,,82
2013-09-17 21:07:44.446,74,,
2013-09-17 21:07:45.092,,69,
2013-09-17 21:07:45.971,,,82
2013-09-17 21:07:47.447,74,,
2013-09-17 21:07:48.093,,69,
2013-09-17 21:07:48.972,,,82
2013-09-17 21:07:50.448,73,,
2013-09-17 21:07:51.094,,69,
2013-09-17 21:07:51.973,,,82
2013-09-17 21:07:53.449,74,,
2013-09-17 21:07:54.095,,69,
2013-09-17 21:07:54.974,,,81
2013-09-17 21:07:56.45,73,,
2013-09-17 21:07:57.096,,69,
2013-09-17 21:07:57.976,,,81
2013-09-17 21:07:59.452,74,,
2013-09-17 21:08:00.097,,69,
2013-09-17 21:08:00.977,,,81
2013-09-17 21:08:02.453,75,,
2013-09-17 21:08:03.098,,69,
2013-09-17 21:08:03.978,,,81
2013-09-17 21:08:05.456,73,,
2013-09-17 21:08:06.099,,69,
2013-09-17 21:08:06.979,,,80
2013-09-17 21:08:08.458,74,,
2013-09-17 21:08:09.1,,69,
2013-09-17 21:08:09.98,,,80
2013-09-17 21:08:11.459,73,,
2013-09-17 21:08:12.101,,69,
2013-09-17 21:08:12.981,,,80
2013-09-17 21:08:14.462,74,,
2013-09-17 21:08:15.102,,69,
2013-09-17 21:08:15.983,,,80
2013-09-17 21:08:17.465,74,,
2013-09-17 21:08:18.103,,69,
2013-09-17 21:08:18.985,,,80
2013-09-17 21:08:20.466,74,,
2013-09-17 21:08:21.104,,69,
2013-09-17 21:08:21.986,,,80
2013-09-17 21:08:23.468,73,,
2013-09-17 21:08:24.105,,69,
2013-09-17 21:08:24.987,,,80
2013-09-17 21:08:26.47,73,,
2013-09-17 21:08:27.106,,69,
2013-09-17 21:08:27.988,,,80
2013-09-17 21:08:29.474,74,,
2013-09-17 21:08:30.107,,69,
2013-09-17 21:08:30.989,,,81
2013-09-17 21:08:32.475,74,,
2013-09-17 21:08:33.108,,69,
2013-09-17 21:08:33.99,,,81
2013-09-17 21:08:35.476,74,,
2013-09-17 21:08:36.109,,69,
2013-09-17 21:08:36.991,,,81
2013-09-17 21:08:38.477,74,,
2013-09-17 21:08:39.11,,69,
2013-09-17 21:08:39.992,,,81
2013-09-17 21:08:41.48,75,,
2013-09-17 21:08:42.111,,69,
2013-09-17 21:08:42.993,,,81
2013-09-17 21:08:44.481,73,,
2013-09-17 21:08:45.112,,69,
2013-09-17 21:08:45.995,,,80
2013-09-17 21:08:47.482,74,,
2013-09-17 21:08:48.113,,69,
2013-09-17 21:08:48.996,,,80
2013-09-17 21:08:50.483,74,,
2013-09-17 21:08:51.114,,69,
2013-09-17 21:08:51.998,,,80
2013-09-17 21:08:53.486,74,,
2013-09-17 21:08:54.115,,69,
2013-09-17 21:08:54.999,,,80
2013-09-17 21:08:56.487,73,,
2013-09-17 21:08:57.116,,69,
2013-09-17 21:08:58.0,,,80
2013-09-17 21:08:59.489,73,,
2013-09-17 21:09:00.117,,69,
2013-09-17 21:09:01.002,,,79
2013-09-17 21:09:02.49,74,,
2013-09-17 21:09:03.118,,69,
2013-09-17 21:09:04.003,,,79
2013-09-17 21:09:05.491,74,,
2013-09-17 21:09:06.119,,69,
2013-09-17 21:09:07.004,,,80
2013-09-17 21:09:08.492,74,,
2013-09-17 21:09:09.121,,69,
2013-09-17 21:09:10.006,,,80
2013-09-17 21:09:11.493,73,,
2013-09-17 21:09:12.122,,69,
2013-09-17 21:09:13.008,,,79
2013-09-17 21:09:14.494,73,,
2013-09-17 21:09:15.123,,69,
2013-09-17 21:09:16.009,,,79
2013-09-17 21:09:17.496,73,,
2013-09-17 21:09:18.124,,69,
2013-09-17 21:09:19.01,,,80
2013-09-17 21:09:20.497,75,,
2013-09-17 21:09:21.125,,69,
2013-09-17 21:09:22.011,,,80
2013-09-17 21:09:23.499,74,,
2013-09-17 21:09:24.126,,69,
2013-09-17 21:09:25.012,,,79
2013-09-17 21:09:26.5,73,,
2013-09-17 21:09:27.127,,69,
2013-09-17 21:09:28.013,,,79
2013-09-17 21:09:29.501,73,,
2013-09-17 21:09:30.128,,69,
2013-09-17 21:09:31.014,,,78
2013-09-17 21:09:32.503,73,,
2013-09-17 21:09:33.129,,69,
2013-09-17 21:09:34.016,,,78
2013-09-17 21:09:35.507,74,,
2013-09-17 21:09:36.13,,69,
2013-09-17 21:09:37.017,,,78
2013-09-17 21:09:38.508,74,,
2013-09-17 21:09:39.131,,69,
2013-09-17 21:09:40.018,,,78
2013-09-17 21:09:41.509,74,,
2013-09-17 21:09:42.132,,69,
2013-09-17 21:09:43.019,,,78
2013-09-17 21:09:44.51,73,,
2013-09-17 21:09:45.133,,69,
2013-09-17 21:09:46.021,,,78
2013-09-17 21:09:47.514,73,,
2013-09-17 21:09:48.134,,69,
2013-09-17 21:09:49.022,,,78
2013-09-17 21:09:50.515,74,,
2013-09-17 21:09:51.135,,69,
2013-09-17 21:09:52.024,,,78
2013-09-17 21:09:53.516,74,,
2013-09-17 21:09:54.136,,69,
2013-09-17 21:09:55.025,,,78
2013-09-17 21:09:56.517,74,,
2013-09-17 21:09:57.137,,69,
2013-09-17 21:09:58.027,,,78
2013-09-17 21:09:59.52,74,,
2013-09-17 21:10:00.138,,69,
2013-09-17 21:10:01.028,,,78
2013-09-17 21:10:02.521,74,,
2013-09-17 21:10:03.139,,69,
2013-09-17 21:10:04.03,,,78
2013-09-17 21:10:06.14,,69,
2013-09-17 21:10:07.032,,,79
2013-09-17 21:10:08.525,75,,
2013-09-17 21:10:09.141,,69,
2013-09-17 21:10:10.033,,,79
2013-09-17 21:10:11.528,74,,
2013-09-17 21:10:12.142,,69,
2013-09-17 21:10:13.034,,,79
2013-09-17 21:10:14.529,73,,
2013-09-17 21:10:15.143,,69,
2013-09-17 21:10:16.035,,,79
2013-09-17 21:10:17.53,74,,
2013-09-17 21:10:18.144,,69,
2013-09-17 21:10:19.036,,,79
2013-09-17 21:10:20.531,73,,
2013-09-17 21:10:21.145,,69,
2013-09-17 21:10:22.037,,,78
2013-09-17 21:10:23.535,74,,
2013-09-17 21:10:24.146,,69,
2013-09-17 21:10:25.039,,,78
2013-09-17 21:10:26.536,74,,
2013-09-17 21:10:27.147,,69,
2013-09-17 21:10:28.041,,,79
2013-09-17 21:10:29.537,74,,
2013-09-17 21:10:30.148,,69,
2013-09-17 21:10:31.042,,,79
2013-09-17 21:10:32.538,73,,
2013-09-17 21:10:33.149,,69,
2013-09-17 21:10:34.043,,,78
2013-09-17 21:10:35.54,73,,
2013-09-17 21:10:36.15,,69,
2013-09-17 21:10:37.045,,,78
2013-09-17 21:10:38.541,73,,
2013-09-17 21:10:39.151,,69,
2013-09-17 21:10:40.047,,,78
2013-09-17 21:10:41.543,74,,
2013-09-17 21:10:42.152,,69,
2013-09-17 21:10:43.049,,,78
2013-09-17 21:10:44.544,75,,
2013-09-17 21:10:45.153,,69,
2013-09-17 21:10:46.05,,,77
2013-09-17 21:10:47.546,74,,
2013-09-17 21:10:48.154,,69,
2013-09-17 21:10:49.051,,,78
2013-09-17 21:10:50.547,74,,
2013-09-17 21:10:51.155,,69,
2013-09-17 21:10:52.052,,,78
2013-09-17 21:10:53.548,73,,
2013-09-17 21:10:54.156,,69,
2013-09-17 21:10:55.053,,,77
2013-09-17 21:10:56.55,74,,
2013-09-17 21:10:57.157,,69,
2013-09-17 21:10:58.054,,,77
2013-09-17 21:10:59.552,74,,
2013-09-17 21:11:00.158,,69,
2013-09-17 21:11:01.055,,,77
2013-09-17 21:11:02.553,75,,
2013-09-17 21:11:03.159,,69,
2013-09-17 21:11:04.056,,,77
2013-09-17 21:11:05.554,73,,
2013-09-17 21:11:06.16,,69,
2013-09-17 21:11:07.057,,,77
2013-09-17 21:11:08.556,73,,
2013-09-17 21:11:09.161,,69,
2013-09-17 21:11:10.058,,,77
2013-09-17 21:11:11.558,74,,
2013-09-17 21:11:12.162,,69,
2013-09-17 21:11:13.059,,,77
2013-09-17 21:11:14.56,74,,
2013-09-17 21:11:15.163,,69,
2013-09-17 21:11:16.06,,,77
2013-09-17 21:11:17.561,75,,
2013-09-17 21:11:18.164,,69,
2013-09-17 21:11:19.061,,,77
2013-09-17 21:11:20.562,73,,
2013-09-17 21:11:21.165,,69,
2013-09-17 21:11:22.062,,,77
2013-09-17 21:11:23.563,74,,
2013-09-17 21:11:24.166,,69,
2013-09-17 21:11:25.063,,,76
2013-09-17 21:11:26.566,74,,
2013-09-17 21:11:27.167,,69,
2013-09-17 21:11:28.064,,,77
2013-09-17 21:11:29.567,74,,
2013-09-17 21:11:30.168,,69,
2013-09-17 21:11:31.065,,,76
2013-09-17 21:11:32.568,74,,
2013-09-17 21:11:33.169,,69,
2013-09-17 21:11:34.066,,,77
2013-09-17 21:11:35.569,73,,
2013-09-17 21:11:36.17,,69,
2013-09-17 21:11:37.067,,,76
2013-09-17 21:11:38.573,73,,
2013-09-17 21:11:39.171,,69,
2013-09-17 21:11:40.068,,,211
2013-09-17 21:11:41.574,74,,
2013-09-17 21:11:42.172,,69,
2013-09-17 21:11:43.069,,,77
2013-09-17 21:11:44.575,74,,
2013-09-17 21:11:45.173,,69,
2013-09-17 21:11:46.07,,,77
2013-09-17 21:11:47.576,74,,
2013-09-17 21:11:48.174,,69,
2013-09-17 21:11:49.071,,,77
2013-09-17 21:11:50.577,73,,
2013-09-17 21:11:51.175,,69,
2013-09-17 21:11:52.072,,,77
2013-09-17 21:11:53.579,73,,
2013-09-17 21:11:54.176,,69,
2013-09-17 21:11:55.073,,,77
2013-09-17 21:11:56.58,73,,
2013-09-17 21:11:57.177,,69,
2013-09-17 21:11:58.074,,,77
2013-09-17 21:11:59.582,74,,
2013-09-17 21:12:00.178,,69,
2013-09-17 21:12:01.075,,,77
2013-09-17 21:12:02.583,74,,
2013-09-17 21:12:03.179,,69,
2013-09-17 21:12:04.076,,,77
2013-09-17 21:12:05.584,74,,
2013-09-17 21:12:06.18,,69,
2013-09-17 21:12:07.077,,,77
2013-09-17 21:12:08.585,73,,
2013-09-17 21:12:09.181,,69,
2013-09-17 21:12:10.078,,,77
2013-09-17 21:12:11.586,75,,
2013-09-17 21:12:12.182,,69,
2013-09-17 21:12:13.079,,,77
2013-09-17 21:12:14.587,74,,
2013-09-17 21:12:15.183,,69,
2013-09-17 21:12:16.08,,,77
2013-09-17 21:12:17.588,74,,
2013-09-17 21:12:18.184,,69,
2013-09-17 21:12:19.081,,,77
2013-09-17 21:12:20.591,73,,
2013-09-17 21:12:21.185,,69,
2013-09-17 21:12:22.082,,,77
2013-09-17 21:12:23.592,73,,
2013-09-17 21:12:24.186,,69,
2013-09-17 21:12:25.083,,,77
2013-09-17 21:12:26.594,74,,
2013-09-17 21:12:27.187,,69,
2013-09-17 21:12:28.084,,,77
2013-09-17 21:12:29.595,74,,
2013-09-17 21:12:30.188,,69,
2013-09-17 21:12:31.085,,,77
2013-09-17 21:12:32.598,74,,
2013-09-17 21:12:33.189,,69,
2013-09-17 21:12:34.086,,,77
2013-09-17 21:12:35.599,73,,
2013-09-17 21:12:36.19,,69,
2013-09-17 21:12:37.087,,,77
2013-09-17 21:12:38.601,74,,
2013-09-17 21:12:39.191,,69,
2013-09-17 21:12:40.088,,,76
2013-09-17 21:12:41.602,73,,
2013-09-17 21:12:42.192,,69,
2013-09-17 21:12:43.089,,,76
2013-09-17 21:12:44.603,75,,
2013-09-17 21:12:45.193,,69,
2013-09-17 21:12:46.09,,,76
2013-09-17 21:12:47.604,75,,
2013-09-17 21:12:48.194,,69,
2013-09-17 21:12:49.091,,,76
2013-09-17 21:12:50.605,74,,
2013-09-17 21:12:51.195,,69,
2013-09-17 21:12:52.092,,,76
2013-09-17 21:12:53.607,74,,
2013-09-17 21:12:54.196,,69,
2013-09-17 21:12:55.093,,,75
2013-09-17 21:12:56.608,73,,
2013-09-17 21:12:57.197,,69,
2013-09-17 21:12:58.095,,,76
2013-09-17 21:12:59.609,74,,
2013-09-17 21:13:00.198,,69,
2013-09-17 21:13:01.096,,,75
2013-09-17 21:13:02.61,74,,
2013-09-17 21:13:03.199,,69,
2013-09-17 21:13:04.097,,,75
2013-09-17 21:13:05.611,74,,
2013-09-17 21:13:06.2,,69,
2013-09-17 21:13:07.099,,,75
2013-09-17 21:13:08.612,73,,
2013-09-17 21:13:09.201,,69,
2013-09-17 21:13:10.101,,,75
2013-09-17 21:13:11.614,74,,
2013-09-17 21:13:12.202,,69,
2013-09-17 21:13:13.103,,,76
2013-09-17 21:13:14.615,73,,
2013-09-17 21:13:15.203,,69,
2013-09-17 21:13:16.105,,,75
2013-09-17 21:13:17.617,75,,
2013-09-17 21:13:18.204,,69,
2013-09-17 21:13:19.107,,,75
2013-09-17 21:13:20.618,75,,
2013-09-17 21:13:21.205,,69,
2013-09-17 21:13:22.108,,,75
2013-09-17 21:13:23.619,74,,
2013-09-17 21:13:24.206,,69,
2013-09-17 21:13:25.109,,,76
2013-09-17 21:13:26.62,74,,
2013-09-17 21:13:27.207,,69,
2013-09-17 21:13:28.11,,,76
2013-09-17 21:13:29.621,73,,
2013-09-17 21:13:30.208,,69,
2013-09-17 21:13:31.111,,,75
2013-09-17 21:13:32.623,73,,
2013-09-17 21:13:33.209,,69,
2013-09-17 21:13:34.113,,,75
2013-09-17 21:13:35.624,74,,
2013-09-17 21:13:36.21,,69,
2013-09-17 21:13:37.114,,,75
2013-09-17 21:13:38.625,74,,
2013-09-17 21:13:39.211,,69,
2013-09-17 21:13:40.115,,,75
2013-09-17 21:13:41.626,75,,
2013-09-17 21:13:42.212,,69,
2013-09-17 21:13:43.116,,,75
2013-09-17 21:13:44.627,73,,
2013-09-17 21:13:45.213,,69,
2013-09-17 21:13:46.117,,,75
2013-09-17 21:13:47.629,73,,
2013-09-17 21:13:48.214,,69,
2013-09-17 21:13:49.118,,,76
2013-09-17 21:13:50.63,74,,
2013-09-17 21:13:51.215,,69,
2013-09-17 21:13:52.119,,,76
2013-09-17 21:13:53.631,74,,
2013-09-17 21:13:54.216,,69,
2013-09-17 21:13:55.12,,,76
2013-09-17 21:13:56.632,75,,
2013-09-17 21:13:57.217,,69,
2013-09-17 21:13:58.121,,,76
2013-09-17 21:13:59.633,75,,
2013-09-17 21:14:00.218,,69,
2013-09-17 21:14:01.123,,,76
2013-09-17 21:14:02.634,74,,
2013-09-17 21:14:03.219,,69,
2013-09-17 21:14:04.124,,,76
2013-09-17 21:14:05.635,73,,
2013-09-17 21:14:06.22,,69,
2013-09-17 21:14:07.125,,,76
2013-09-17 21:14:08.636,73,,
2013-09-17 21:14:09.221,,69,
2013-09-17 21:14:10.127,,,76
2013-09-17 21:14:11.637,74,,
2013-09-17 21:14:12.222,,69,
2013-09-17 21:14:13.128,,,76
2013-09-17 21:14:14.638,74,,
2013-09-17 21:14:15.223,,69,
2013-09-17 21:14:16.129,,,76
2013-09-17 21:14:17.639,75,,
2013-09-17 21:14:18.224,,69,
2013-09-17 21:14:19.13,,,75
2013-09-17 21:14:20.64,74,,
2013-09-17 21:14:21.225,,69,
2013-09-17 21:14:22.132,,,75
2013-09-17 21:14:23.641,73,,
2013-09-17 21:14:24.226,,69,
2013-09-17 21:14:25.133,,,76
2013-09-17 21:14:26.642,74,,
2013-09-17 21:14:27.227,,69,
2013-09-17 21:14:28.134,,,75
2013-09-17 21:14:29.643,75,,
2013-09-17 21:14:30.228,,69,
2013-09-17 21:14:31.136,,,75
2013-09-17 21:14:32.644,75,,
2013-09-17 21:14:33.229,,69,
2013-09-17 21:14:34.138,,,75
2013-09-17 21:14:35.645,74,,
2013-09-17 21:14:36.23,,69,
2013-09-17 21:14:37.139,,,76
2013-09-17 21:14:38.646,73,,
2013-09-17 21:14:39.231,,69,
2013-09-17 21:14:40.14,,,75
2013-09-17 21:14:41.648,73,,
2013-09-17 21:14:42.232,,69,
2013-09-17 21:14:43.141,,,75
2013-09-17 21:14:44.649,74,,
2013-09-17 21:14:45.233,,69,
2013-09-17 21:14:46.143,,,75
2013-09-17 21:14:47.65,74,,
2013-09-17 21:14:48.234,,69,
2013-09-17 21:14:49.144,,,75
2013-09-17 21:14:50.651,74,,
2013-09-17 21:14:51.235,,69,
2013-09-17 21:14:52.146,,,75
2013-09-17 21:14:53.652,73,,
2013-09-17 21:14:54.236,,69,
2013-09-17 21:14:56.654,74,,
2013-09-17 21:14:57.237,,69,
2013-09-17 21:14:58.148,,,75
2013-09-17 21:14:59.656,74,,
2013-09-17 21:15:00.238,,69,
2013-09-17 21:15:01.149,,,75
2013-09-17 21:15:02.657,74,,
2013-09-17 21:15:03.239,,69,
2013-09-17 21:15:04.151,,,75
2013-09-17 21:15:05.658,75,,
2013-09-17 21:15:06.24,,69,
2013-09-17 21:15:07.152,,,75
2013-09-17 21:15:08.659,73,,
2013-09-17 21:15:09.241,,69,
2013-09-17 21:15:10.154,,,75
2013-09-17 21:15:11.66,74,,
2013-09-17 21:15:12.242,,69,
2013-09-17 21:15:13.155,,,75
2013-09-17 21:15:14.661,73,,
2013-09-17 21:15:15.243,,69,
2013-09-17 21:15:16.156,,,75
2013-09-17 21:15:17.663,74,,
2013-09-17 21:15:18.244,,69,
2013-09-17 21:15:19.157,,,75
2013-09-17 21:15:20.666,74,,
2013-09-17 21:15:21.245,,69,
2013-09-17 21:15:22.16,,,75
2013-09-17 21:15:23.667,74,,
2013-09-17 21:15:24.246,,69,
2013-09-17 21:15:25.161,,,75
2013-09-17 21:15:26.668,74,,
2013-09-17 21:15:27.247,,69,
2013-09-17 21:15:28.162,,,75
2013-09-17 21:15:29.669,73,,
2013-09-17 21:15:30.248,,69,
2013-09-17 21:15:31.164,,,75
2013-09-17 21:15:32.671,74,,
2013-09-17 21:15:33.249,,69,
2013-09-17 21:15:34.165,,,75
2013-09-17 21:15:35.672,74,,
2013-09-17 21:15:36.25,,69,
2013-09-17 21:15:37.166,,,75
2013-09-17 21:15:38.673,75,,
2013-09-17 21:15:39.251,,69,
2013-09-17 21:15:40.167,,,75
2013-09-17 21:15:41.676,74,,
2013-09-17 21:15:42.252,,69,
2013-09-17 21:15:43.168,,,75
2013-09-17 21:15:44.677,74,,
2013-09-17 21:15:45.253,,69,
2013-09-17 21:15:46.169,,,75
2013-09-17 21:15:47.678,73,,
2013-09-17 21:15:48.254,,69,
2013-09-17 21:15:49.17,,,75
2013-09-17 21:15:50.679,75,,
2013-09-17 21:15:51.255,,69,
2013-09-17 21:15:52.171,,,75
2013-09-17 21:15:53.68,75,,
2013-09-17 21:15:54.256,,69,
2013-09-17 21:15:55.172,,,75
2013-09-17 21:15:56.681,74,,
2013-09-17 21:15:57.257,,69,
2013-09-17 21:15:58.173,,,75
2013-09-17 21:15:59.682,74,,
2013-09-17 21:16:00.258,,69,
2013-09-17 21:16:01.175,,,75
2013-09-17 21:16:02.684,73,,
2013-09-17 21:16:03.259,,69,
2013-09-17 21:16:04.176,,,75
2013-09-17 21:16:05.685,75,,
2013-09-17 21:16:06.26,,69,
2013-09-17 21:16:07.177,,,75
2013-09-17 21:16:08.686,75,,
2013-09-17 21:16:09.261,,69,
2013-09-17 21:16:10.178,,,74
2013-09-17 21:16:11.687,75,,
2013-09-17 21:16:12.262,,69,
2013-09-17 21:16:13.179,,,74
2013-09-17 21:16:14.69,73,,
2013-09-17 21:16:15.263,,69,
2013-09-17 21:16:16.18,,,74
2013-09-17 21:16:17.691,74,,
2013-09-17 21:16:18.264,,69,
2013-09-17 21:16:19.181,,,74
2013-09-17 21:16:20.692,74,,
2013-09-17 21:16:21.265,,69,
2013-09-17 21:16:22.182,,,74
2013-09-17 21:16:23.693,74,,
2013-09-17 21:16:24.266,,69,
2013-09-17 21:16:25.183,,,74
2013-09-17 21:16:26.694,75,,
2013-09-17 21:16:27.267,,69,
2013-09-17 21:16:28.184,,,73
2013-09-17 21:16:29.695,73,,
2013-09-17 21:16:30.268,,69,
2013-09-17 21:16:31.185,,,74
2013-09-17 21:16:32.697,74,,
2013-09-17 21:16:33.269,,69,
2013-09-17 21:16:34.186,,,74
2013-09-17 21:16:35.7,74,,
2013-09-17 21:16:36.27,,69,
2013-09-17 21:16:37.187,,,73
2013-09-17 21:16:38.701,74,,
2013-09-17 21:16:39.271,,69,
2013-09-17 21:16:40.189,,,74
2013-09-17 21:16:41.702,74,,
2013-09-17 21:16:42.272,,69,
2013-09-17 21:16:43.19,,,73
2013-09-17 21:16:44.703,75,,
2013-09-17 21:16:45.273,,69,
2013-09-17 21:16:46.191,,,74
2013-09-17 21:16:47.706,74,,
2013-09-17 21:16:48.274,,69,
2013-09-17 21:16:49.192,,,74
2013-09-17 21:16:50.707,73,,
2013-09-17 21:16:51.275,,69,
2013-09-17 21:16:52.193,,,74
2013-09-17 21:16:53.709,74,,
2013-09-17 21:16:54.276,,69,
2013-09-17 21:16:55.194,,,73
2013-09-17 21:16:56.71,75,,
2013-09-17 21:16:57.277,,69,
2013-09-17 21:16:58.196,,,74
2013-09-17 21:16:59.713,74,,
2013-09-17 21:17:00.278,,69,
2013-09-17 21:17:01.197,,,74
2013-09-17 21:17:02.714,73,,
2013-09-17 21:17:03.279,,69,
2013-09-17 21:17:04.199,,,74
2013-09-17 21:17:05.716,74,,
2013-09-17 21:17:06.28,,69,
2013-09-17 21:17:07.2,,,74
2013-09-17 21:17:08.717,73,,
2013-09-17 21:17:09.281,,69,
2013-09-17 21:17:10.201,,,74
2013-09-17 21:17:11.72,73,,
2013-09-17 21:17:12.282,,69,
2013-09-17 21:17:13.202,,,74
2013-09-17 21:17:14.722,75,,
2013-09-17 21:17:15.283,,69,
2013-09-17 21:17:16.203,,,74
2013-09-17 21:17:17.723,74,,
2013-09-17 21:17:18.284,,69,
2013-09-17 21:17:19.204,,,74
2013-09-17 21:17:20.724,74,,
2013-09-17 21:17:21.285,,69,
2013-09-17 21:17:22.205,,,74
2013-09-17 21:17:23.726,73,,
2013-09-17 21:17:24.286,,69,
2013-09-17 21:17:25.207,,,74
2013-09-17 21:17:26.727,74,,
2013-09-17 21:17:27.287,,69,
2013-09-17 21:17:28.208,,,74
2013-09-17 21:17:29.728,74,,
2013-09-17 21:17:30.288,,69,
2013-09-17 21:17:31.209,,,74
2013-09-17 21:17:32.731,75,,
2013-09-17 21:17:33.289,,69,
2013-09-17 21:17:34.21,,,73
2013-09-17 21:17:35.732,73,,
2013-09-17 21:17:36.29,,69,
2013-09-17 21:17:37.211,,,73
2013-09-17 21:17:38.734,73,,
2013-09-17 21:17:39.291,,69,
2013-09-17 21:17:40.213,,,73
2013-09-17 21:17:41.735,74,,
2013-09-17 21:17:42.292,,69,
2013-09-17 21:17:43.214,,,73
2013-09-17 21:17:44.738,75,,
2013-09-17 21:17:45.293,,69,
2013-09-17 21:17:46.216,,,73
2013-09-17 21:17:47.739,75,,
2013-09-17 21:17:48.294,,69,
2013-09-17 21:17:49.218,,,73
2013-09-17 21:17:50.74,74,,
2013-09-17 21:17:51.295,,69,
2013-09-17 21:17:52.219,,,73
2013-09-17 21:17:53.741,74,,
2013-09-17 21:17:54.296,,69,
2013-09-17 21:17:55.22,,,73
2013-09-17 21:17:56.744,73,,
2013-09-17 21:17:57.297,,69,
2013-09-17 21:17:58.221,,,73
2013-09-17 21:17:59.745,75,,
2013-09-17 21:18:00.298,,69,
2013-09-17 21:18:01.222,,,73
2013-09-17 21:18:02.746,75,,
2013-09-17 21:18:03.299,,69,
2013-09-17 21:18:04.223,,,73
2013-09-17 21:18:05.747,74,,
2013-09-17 21:18:06.3,,69,
2013-09-17 21:18:07.225,,,74
2013-09-17 21:18:08.748,74,,
2013-09-17 21:18:09.301,,69,
2013-09-17 21:18:10.226,,,73
2013-09-17 21:18:11.749,74,,
2013-09-17 21:18:12.302,,69,
2013-09-17 21:18:13.227,,,73
2013-09-17 21:18:14.75,74,,
2013-09-17 21:18:15.303,,69,
2013-09-17 21:18:16.228,,,73
2013-09-17 21:18:17.753,74,,
2013-09-17 21:18:18.304,,69,
2013-09-17 21:18:19.229,,,73
2013-09-17 21:18:20.754,75,,
2013-09-17 21:18:21.305,,69,
2013-09-17 21:18:22.231,,,73
2013-09-17 21:18:23.755,74,,
2013-09-17 21:18:24.306,,69,
2013-09-17 21:18:25.232,,,73
2013-09-17 21:18:26.756,74,,
2013-09-17 21:18:27.307,,69,
2013-09-17 21:18:28.233,,,73
2013-09-17 21:18:29.759,74,,
2013-09-17 21:18:30.308,,69,
2013-09-17 21:18:31.234,,,73
2013-09-17 21:18:32.76,74,,
2013-09-17 21:18:33.309,,69,
2013-09-17 21:18:34.236,,,73
2013-09-17 21:18:35.762,74,,
2013-09-17 21:18:36.31,,69,
2013-09-17 21:18:37.237,,,74
2013-09-17 21:18:38.763,74,,
2013-09-17 21:18:39.311,,69,
2013-09-17 21:18:40.238,,,73
2013-09-17 21:18:41.766,73,,
2013-09-17 21:18:42.312,,69,
2013-09-17 21:18:43.24,,,74
2013-09-17 21:18:44.767,75,,
2013-09-17 21:18:45.313,,69,
2013-09-17 21:18:46.241,,,74
2013-09-17 21:18:47.768,75,,
2013-09-17 21:18:48.314,,69,
2013-09-17 21:18:49.242,,,73
2013-09-17 21:18:50.769,74,,
2013-09-17 21:18:51.315,,69,
2013-09-17 21:18:52.243,,,74
2013-09-17 21:18:53.772,74,,
2013-09-17 21:18:54.317,,69,
2013-09-17 21:18:55.244,,,74
2013-09-17 21:18:56.773,75,,
2013-09-17 21:18:57.318,,69,
2013-09-17 21:18:58.245,,,73
2013-09-17 21:18:59.774,74,,
2013-09-17 21:19:00.319,,69,
2013-09-17 21:19:01.246,,,74
2013-09-17 21:19:02.775,75,,
2013-09-17 21:19:03.32,,69,
2013-09-17 21:19:04.247,,,74
2013-09-17 21:19:05.776,74,,
2013-09-17 21:19:06.321,,69,
2013-09-17 21:19:07.248,,,74
2013-09-17 21:19:08.777,75,,
2013-09-17 21:19:09.323,,69,
2013-09-17 21:19:10.249,,,74
2013-09-17 21:19:11.778,74,,
2013-09-17 21:19:12.324,,69,
2013-09-17 21:19:13.25,,,73
2013-09-17 21:19:14.779,74,,
2013-09-17 21:19:15.325,,69,
2013-09-17 21:19:16.251,,,74
2013-09-17 21:19:17.78,74,,
2013-09-17 21:19:18.326,,69,
2013-09-17 21:19:19.252,,,73
2013-09-17 21:19:20.781,74,,
2013-09-17 21:19:21.327,,69,
2013-09-17 21:19:22.253,,,74
2013-09-17 21:19:23.782,74,,
2013-09-17 21:19:24.328,,69,
2013-09-17 21:19:25.254,,,74
2013-09-17 21:19:26.784,74,,
2013-09-17 21:19:27.329,,69,
2013-09-17 21:19:28.255,,,73
2013-09-17 21:19:29.785,75,,
2013-09-17 21:19:30.33,,69,
2013-09-17 21:19:31.257,,,73
2013-09-17 21:19:32.786,75,,
2013-09-17 21:19:33.331,,69,
2013-09-17 21:19:34.258,,,74
2013-09-17 21:19:35.789,74,,
2013-09-17 21:19:36.332,,69,
2013-09-17 21:19:37.259,,,74
2013-09-17 21:19:39.333,,69,
2013-09-17 21:19:40.26,,,73
2013-09-17 21:19:41.791,74,,
2013-09-17 21:19:42.334,,69,
2013-09-17 21:19:43.261,,,72
2013-09-17 21:19:44.792,75,,
2013-09-17 21:19:45.335,,69,
2013-09-17 21:19:46.262,,,73
2013-09-17 21:19:47.795,75,,
2013-09-17 21:19:48.336,,69,
2013-09-17 21:19:49.263,,,72
2013-09-17 21:19:50.796,73,,
2013-09-17 21:19:51.337,,69,
