time,LF,RF,LR,RR,setTurn,setSpeed,booleans
1.386476627798E12,93,41,215,42,1480,1400,191
1.386476628063E12,194,41,224,42,1480,1400,191
1.386476628334E12,255,41,221,42,1480,1400,191
1.386476628599E12,154,41,222,42,1480,1400,191
1.386476628866E12,95,41,213,42,1480,1400,191
1.386476629134E12,255,41,215,42,1480,1400,191
1.386476629404E12,128,41,149,42,1480,1400,191
1.386476629671E12,114,41,202,42,1480,1400,191
1.386476629938E12,130,41,194,42,1480,1400,191
1.386476630206E12,125,41,228,42,1480,1400,191
1.386476630481E12,138,41,146,42,1480,1400,191
1.386476630747E12,128,41,142,42,1480,1400,191
1.38647663102E12,125,41,142,42,1480,1400,191
1.386476631286E12,130,41,141,42,1000,1400,191
1.386476631553E12,133,40,139,42,1000,1400,191
1.386476631836E12,130,38,143,41,1000,1400,191
1.386476632105E12,112,36,141,41,1000,1400,191
1.386476632378E12,133,48,144,40,1000,1400,191
1.386476632649E12,120,82,148,39,1000,1400,191
1.386476632925E12,118,95,144,38,1000,1400,191
1.386476633198E12,96,132,146,37,1000,1400,191
1.386476633474E12,111,113,152,36,1000,1400,191
1.386476633741E12,187,118,153,34,1000,1400,191
1.386476634013E12,237,124,152,34,1000,1400,191
1.386476634286E12,255,133,154,30,1000,1400,191
1.386476634552E12,138,192,152,26,1000,1400,191
1.386476634818E12,255,148,162,38,1000,1400,191
1.386476635083E12,255,139,159,49,1000,1400,191
1.386476635349E12,255,128,170,60,1000,1400,191
1.386476635614E12,255,133,168,68,1000,1400,191
1.38647663588E12,255,137,173,77,1000,1400,191
1.386476636148E12,255,138,174,82,1000,1400,191
1.386476636421E12,255,139,169,85,1000,1400,191
1.386476636692E12,255,125,176,88,1000,1400,191
1.38647663696E12,255,137,175,91,1000,1400,191
1.386476637231E12,255,133,184,95,1000,1400,191
1.386476637501E12,255,129,173,98,1000,1400,191
1.386476637775E12,255,128,200,108,1000,1400,191
1.386476638043E12,255,132,172,102,1000,1400,191
1.386476638319E12,255,129,163,107,1000,1400,191
1.386476638587E12,255,141,255,104,1000,1400,191
1.38647663886E12,255,124,37,104,1000,1400,191
1.386476639129E12,255,130,255,107,1000,1400,191
1.386476639399E12,255,141,95,107,1000,1400,191
1.386476639668E12,80,125,194,113,1000,1400,191
1.386476639942E12,111,132,255,109,1000,1400,191
1.386476640216E12,141,128,71,113,1000,1400,191
1.386476640488E12,255,124,95,112,1000,1400,191
1.38647664076E12,255,121,80,112,1000,1400,191
1.386476641035E12,59,119,68,113,1000,1400,191
1.386476641309E12,128,120,58,115,1000,1400,191
1.38647664158E12,96,122,74,114,1000,1400,191
1.386476641858E12,65,118,198,118,1000,1400,191
1.386476642135E12,255,113,199,112,1000,1400,191
1.386476642418E12,255,114,201,110,1000,1400,191
1.386476642698E12,86,117,179,115,1000,1400,191
1.386476642967E12,61,114,194,110,1000,1400,191
1.386476643237E12,255,113,174,114,1000,1400,191
1.386476643507E12,255,109,184,110,1000,1400,191
1.386476643775E12,255,105,180,110,1000,1400,191
1.386476644057E12,237,106,179,106,1000,1400,191
1.386476644327E12,255,103,170,109,1000,1400,191
1.386476644603E12,143,104,174,112,1000,1400,191
1.386476644877E12,59,104,181,108,1000,1400,191
1.38647664515E12,96,93,181,105,1000,1400,191
1.38647664542E12,97,100,57,103,1000,1400,191
1.386476645692E12,96,94,85,101,1000,1400,191
1.386476645963E12,99,91,75,107,1000,1400,191
1.386476646232E12,104,89,96,100,1000,1400,191
1.386476646504E12,106,87,99,100,1000,1400,191
1.386476646783E12,107,85,102,95,1000,1400,191
1.386476647056E12,114,83,105,98,1000,1400,191
1.386476647325E12,117,83,108,94,1000,1400,191
1.386476647607E12,121,103,70,91,1000,1400,191
1.386476647892E12,121,113,117,91,1790,1400,191
1.386476648171E12,125,70,114,90,1790,1400,191
1.386476648442E12,125,47,116,89,1790,1400,191
1.386476648719E12,125,97,121,85,1790,1400,191
1.386476648998E12,129,94,118,111,1790,1400,191
1.386476649279E12,128,93,116,44,1790,1400,191
1.386476649557E12,81,91,120,105,1790,1400,191
1.386476649837E12,194,86,124,103,1790,1400,191
1.386476650111E12,110,91,123,101,1790,1400,191
1.386476650385E12,137,86,124,100,1790,1400,191
1.386476650672E12,138,85,104,97,1790,1400,191
1.386476650952E12,110,85,95,100,1790,1400,191
1.386476651228E12,148,86,181,92,1790,1500,191
1.386476651501E12,125,86,184,99,1790,1500,191
1.386476651769E12,122,86,185,99,1790,1500,191
1.386476652038E12,129,86,175,92,1790,1500,191
1.386476652313E12,130,86,186,97,1790,1500,191
1.386476652582E12,130,86,178,98,1790,1500,191
1.386476652851E12,121,85,180,98,1790,1500,191
1.386476653123E12,132,85,174,95,1790,1500,191
1.386476653394E12,136,86,50,101,1790,1500,191
1.386476653661E12,158,85,178,97,1790,1500,191
1.386476653926E12,114,86,180,97,1790,1500,191
1.386476654195E12,122,86,181,97,1790,1500,191
1.386476654471E12,118,86,181,98,1790,1500,191
1.386476654736E12,123,86,179,98,1790,1500,191
1.386476655007E12,148,81,186,95,1790,1500,191
1.386476655275E12,179,15,181,95,1790,1500,191
1.386476655549E12,255,16,66,104,1790,1500,191
1.386476655831E12,255,96,255,110,1790,1500,191
1.386476656107E12,255,105,255,114,1790,1500,191
1.386476656384E12,255,17,146,125,1790,1500,191
1.386476656654E12,228,19,214,143,1790,1500,191
1.386476656927E12,255,26,255,195,1790,1500,191
1.386476657203E12,208,31,207,255,1790,1500,191
1.386476657476E12,163,32,128,255,1790,1500,191
1.386476657755E12,153,31,119,255,1790,1500,191
1.386476658035E12,93,31,105,255,1790,1500,191
1.38647665832E12,77,25,90,255,1790,1500,191
1.38647665861E12,67,24,69,255,1790,1500,191
1.386476658888E12,53,25,189,255,1790,1500,191
1.386476659164E12,42,27,183,255,1790,1500,191
1.386476659443E12,34,26,33,255,1790,1500,191
1.386476659727E12,23,28,28,255,1790,1500,191
1.386476660001E12,26,29,30,255,1790,1500,191
1.386476660267E12,27,32,32,255,1790,1500,191
1.386476660533E12,24,34,25,21,1790,1500,191
1.3864766608E12,23,31,25,118,1790,1500,191
1.386476661066E12,24,27,26,255,1790,1500,191
1.386476661335E12,24,21,28,255,1790,1500,191
1.386476661607E12,23,16,29,255,1790,1500,191
1.386476661878E12,24,16,28,255,1790,1500,191
1.386476662147E12,24,16,26,255,1790,1500,191
1.386476662415E12,24,255,29,255,1790,1500,191
1.386476662693E12,23,23,27,255,1790,1500,191
1.386476662963E12,21,34,26,255,1790,1500,191
1.386476663229E12,23,255,29,255,1790,1500,191
1.386476663498E12,22,255,25,255,1790,1500,191
1.386476663763E12,22,255,26,255,1790,1500,191
1.386476664034E12,23,116,28,59,1790,1500,191
1.386476664303E12,24,138,32,63,1790,1500,191
1.386476664571E12,25,67,34,69,1790,1500,191
1.386476664841E12,23,62,39,77,1790,1500,191
1.386476665111E12,23,63,39,86,1790,1500,191
1.386476665375E12,25,68,43,101,1790,1500,191
1.386476665908E12,24,92,40,140,1790,1500,191
1.386476666177E12,23,102,40,133,1790,1500,191
1.386476666443E12,22,101,41,145,1790,1500,191
1.386476666716E12,22,118,41,133,1790,1500,191
1.386476666983E12,20,122,41,205,1790,1500,191
1.386476667248E12,20,194,40,151,1790,1500,191
1.386476667514E12,18,125,38,154,1790,1500,191
1.386476667778E12,18,125,40,157,1790,1500,191
1.386476668043E12,18,130,39,165,1790,1500,191
1.386476668311E12,18,140,37,176,1790,1500,191
1.386476668577E12,19,143,37,160,1790,1500,191
1.386476668843E12,17,142,36,186,1790,1500,191
1.386476669112E12,18,148,38,159,1790,1500,191
1.386476669383E12,19,150,39,174,1790,1500,191
1.386476669648E12,19,151,37,182,1790,1500,191
1.386476669916E12,19,140,35,173,1790,1500,191
1.386476670181E12,19,143,37,165,1790,1500,191
1.386476670446E12,19,143,38,170,1790,1500,191
1.386476670715E12,19,163,38,255,1790,1500,191
1.386476670988E12,19,203,36,255,1790,1500,191
1.386476671252E12,18,255,36,255,1790,1500,191
1.386476671519E12,18,255,38,255,1790,1500,191
1.386476671788E12,19,255,37,255,1790,1500,191
1.386476672053E12,17,255,36,255,1790,1500,191
1.386476672322E12,17,255,29,255,1790,1500,191
1.386476672588E12,17,255,25,255,1790,1500,191
1.386476672855E12,17,27,28,255,1790,1500,191
1.386476673123E12,17,52,28,111,1790,1500,191
1.38647667339E12,17,214,30,66,1790,1500,191
1.386476673655E12,18,190,32,255,1790,1500,191
1.38647667392E12,17,168,30,255,1790,1500,191
1.386476674185E12,17,194,32,255,1790,1500,191
1.38647667445E12,17,255,30,64,1790,1500,191
1.386476674715E12,17,255,30,236,1790,1500,191
1.386476674991E12,16,120,29,104,1790,1500,191
1.386476675262E12,17,144,29,135,1790,1500,191
1.386476675529E12,17,168,29,172,1790,1500,191
1.386476675795E12,16,255,28,255,1790,1500,191
1.386476676062E12,17,255,28,255,1790,1500,191
1.386476676327E12,17,155,28,79,1790,1500,191
1.386476676597E12,17,224,27,255,1790,1500,191
1.386476676866E12,17,255,34,255,1790,1500,191
1.386476677131E12,17,255,32,255,1790,1500,191
1.386476677395E12,17,255,32,255,1790,1500,191
1.386476677661E12,18,194,37,51,1790,1500,191
1.38647667793E12,17,132,34,198,1790,1500,191
1.386476678195E12,16,110,29,149,1790,1500,191
1.386476678459E12,17,94,25,115,1790,1500,191
1.386476678726E12,16,91,21,100,1790,1500,191
1.386476679E12,17,97,23,107,1790,1500,191
1.386476679272E12,16,99,26,107,1790,1500,191
1.386476679546E12,16,94,33,103,1790,1500,191
1.386476679818E12,16,90,24,118,1790,1500,191
1.386476680083E12,16,148,29,168,1790,1500,191
1.386476680348E12,17,255,24,255,1790,1500,191
1.386476680615E12,16,148,27,146,1790,1500,191
1.386476680881E12,16,106,25,104,1790,1500,191
1.386476681155E12,16,87,37,89,1790,1500,191
1.386476681433E12,16,75,61,80,1790,1500,191
1.386476681712E12,17,67,37,75,1790,1500,191
1.386476681985E12,16,62,37,72,1790,1500,191
1.386476682259E12,18,66,44,71,1790,1500,191
1.386476682526E12,17,67,48,71,1790,1500,191
1.386476682799E12,31,67,90,72,1790,1500,191
1.386476683077E12,33,67,105,72,1790,1500,191
1.386476683347E12,33,67,46,73,1790,1500,191
1.386476683615E12,35,66,58,71,1790,1500,191
1.386476683882E12,57,66,72,71,1790,1500,191
1.386476684151E12,117,67,15,73,1790,1500,191
1.386476684419E12,121,65,78,69,1790,1500,191
1.38647668469E12,85,62,89,64,1790,1500,191
1.386476684965E12,125,53,142,51,1790,1500,191
1.386476685235E12,134,48,156,41,1790,1500,191
1.386476685501E12,134,49,21,42,1790,1500,191
1.386476685769E12,148,49,164,41,1790,1500,191
1.386476686038E12,107,47,149,43,1790,1500,191
1.386476686307E12,128,47,28,46,1790,1500,191
1.386476686576E12,114,47,19,49,1790,1500,191
1.386476686841E12,111,47,22,49,1790,1500,191
1.386476687114E12,110,46,105,48,1790,1500,191
1.38647668739E12,115,46,104,48,1790,1500,191
1.386476687657E12,99,46,102,49,1790,1500,191
1.38647668793E12,96,47,104,51,1790,1500,191
1.386476688198E12,92,47,106,50,1790,1500,191
1.386476688468E12,98,47,105,50,1790,1500,191
1.386476688741E12,88,47,105,50,1790,1500,191
1.386476689005E12,92,47,108,50,1790,1500,191
1.386476689274E12,95,47,105,50,1790,1500,191
1.38647668954E12,94,47,108,49,1790,1500,191
1.386476689808E12,125,47,104,50,1790,1500,191
1.386476690078E12,121,47,101,50,1790,1500,191
1.386476690347E12,102,48,134,49,1790,1500,191
1.386476690615E12,121,47,132,50,1790,1500,191
1.386476690883E12,133,48,129,50,1790,1500,191
1.386476691154E12,121,47,132,50,1790,1500,191
1.38647669143E12,123,47,130,50,1790,1500,191
1.386476691702E12,125,47,133,50,1790,1500,191
1.386476691974E12,124,47,132,50,1520,1500,191
1.386476692244E12,126,47,132,50,1520,1500,191
1.386476692516E12,122,47,132,50,1520,1500,191
1.386476692786E12,127,47,135,50,1520,1500,191
1.386476693057E12,114,48,137,50,1520,1500,191
1.386476693326E12,134,47,133,50,1520,1500,191
1.386476693595E12,118,47,132,50,1520,1500,191
1.386476693863E12,133,47,136,50,1520,1500,191
1.38647669414E12,142,47,138,53,1520,1500,191
1.38647669441E12,139,48,132,51,1520,1500,191
1.386476694683E12,125,48,133,46,1520,1500,191
1.386476694954E12,102,48,133,49,1520,1500,191
1.386476695229E12,118,48,132,50,1520,1500,191
1.386476695505E12,143,48,132,49,1520,1500,191
1.386476695776E12,114,47,128,50,1520,1500,191
1.386476696046E12,125,47,133,50,1520,1500,191
1.386476696315E12,121,48,133,50,1520,1500,191
1.386476696583E12,119,47,132,49,1520,1500,191
1.386476696849E12,125,47,132,50,1520,1500,191
1.386476697118E12,125,48,137,49,1520,1500,191
1.386476697387E12,125,47,134,50,1520,1500,191
1.386476697658E12,125,48,134,50,1520,1500,191
1.386476697931E12,115,47,132,51,1520,1500,191
1.3864766982E12,138,48,130,50,1520,1500,191
1.386476698469E12,120,48,133,50,1520,1500,191
1.386476698735E12,122,48,130,50,1520,1500,191
1.386476699012E12,125,47,130,51,1520,1500,191
1.38647669929E12,122,48,132,49,1520,1500,191
1.386476699562E12,121,47,129,50,1520,1500,191
1.38647669985E12,118,47,129,50,1180,1500,191
1.386476700118E12,118,48,132,50,1180,1500,191
1.38647670039E12,121,48,132,50,1180,1500,191
1.386476700656E12,123,47,133,50,1180,1500,191
1.386476700924E12,137,48,132,51,1180,1500,191
1.386476701197E12,124,48,133,52,1180,1500,191
1.386476701468E12,133,47,132,50,1180,1500,191
1.386476701734E12,143,47,136,51,1180,1500,191
1.386476702002E12,128,47,131,50,1180,1500,191
1.38647670227E12,121,48,133,51,1180,1500,191
1.386476702539E12,118,48,133,51,1180,1500,191
1.386476702807E12,123,48,132,50,1180,1500,191
1.386476703072E12,118,47,133,51,1180,1500,191
1.386476703353E12,140,48,133,50,1540,1500,191
1.386476703621E12,118,47,133,49,1540,1500,191
1.386476703889E12,118,48,132,49,1540,1500,191
1.386476704158E12,119,47,132,49,1540,1500,191
1.386476704427E12,126,47,133,49,1540,1500,191
1.386476704695E12,125,47,130,51,1540,1500,191
1.386476704963E12,125,48,132,49,1540,1500,191
1.386476705235E12,122,47,132,49,1540,1500,191
1.386476705501E12,126,47,132,48,1540,1500,191
1.386476705773E12,117,47,132,50,1540,1500,191
1.386476706043E12,134,47,133,49,1540,1500,191
1.386476706315E12,118,47,136,49,1540,1500,191
1.38647670658E12,121,47,132,49,1540,1500,191
1.386476706849E12,125,48,133,49,1540,1500,191
1.386476707126E12,118,48,184,49,1540,1500,191
1.386476707392E12,118,47,255,50,1540,1500,191
1.38647670766E12,121,47,255,49,1540,1500,191
1.386476707927E12,122,47,255,50,1540,1500,191
1.386476708193E12,130,47,255,49,1540,1500,191
1.386476708463E12,130,47,214,50,1540,1500,191
1.386476708731E12,143,47,37,51,1540,1400,191
1.386476709004E12,138,47,36,53,1540,1300,191
1.386476709283E12,143,46,133,50,1540,1300,191
1.386476709553E12,134,45,132,49,1540,1300,191
1.386476709828E12,130,44,137,47,1540,1300,191
1.386476710095E12,116,43,136,45,1540,1300,191
1.386476710361E12,118,41,137,45,1540,1300,191
1.386476710628E12,114,40,142,42,1540,1300,191
1.386476710903E12,144,39,142,42,1540,1300,191
1.386476711171E12,113,37,139,40,1540,1300,191
1.386476711436E12,121,36,147,39,1540,1300,191
1.386476711707E12,125,34,146,37,1650,1300,191
1.386476711971E12,127,32,152,35,1650,1300,191
1.386476712239E12,130,31,151,34,1650,1300,191
1.386476712508E12,137,31,152,34,1650,1300,191
1.386476712775E12,134,32,151,33,1650,1300,191
1.386476713041E12,145,33,152,34,1650,1300,191
1.386476713307E12,125,34,151,35,1650,1300,191
1.386476713582E12,255,37,148,36,1410,1300,191
1.386476713856E12,255,49,136,37,1410,1300,191
1.386476714139E12,255,48,211,50,1410,1300,191
1.386476714407E12,255,46,162,51,1410,1300,191
1.386476714686E12,255,44,121,48,1410,1300,191
1.386476714963E12,102,31,230,48,1410,1300,191
1.386476715243E12,135,28,194,32,1510,1300,191
1.386476715509E12,169,23,194,29,1510,1300,191
1.386476715778E12,255,20,180,26,1510,1300,191
1.386476716048E12,133,17,178,23,1510,1300,191
1.386476716316E12,121,16,194,21,1510,1300,191
1.386476716579E12,138,15,159,19,1510,1300,191
1.386476716843E12,128,15,157,17,1510,1300,191
1.386476717112E12,144,255,163,16,1000,1300,191
1.386476717378E12,139,255,163,18,1000,1300,191
1.386476717643E12,187,255,168,92,1000,1300,191
1.386476717919E12,255,255,173,117,1000,1300,191
1.38647671846E12,255,255,183,150,1000,1300,191
1.386476718729E12,255,153,255,132,1000,1300,191
1.386476719003E12,221,143,148,141,1000,1300,191
1.386476719272E12,255,129,255,151,1000,1300,191
1.386476719542E12,129,138,151,138,1000,1300,191
1.38647671981E12,255,133,179,139,1000,1300,191
1.386476720082E12,225,130,174,134,1000,1300,191
1.38647672035E12,73,121,172,129,1000,1300,191
1.386476720625E12,79,113,77,124,1000,1300,191
1.386476720912E12,97,97,79,129,1000,1300,191
1.386476721191E12,103,58,95,114,1000,1300,191
1.386476721468E12,67,85,101,108,1000,1300,191
1.386476721745E12,153,113,169,105,1000,1300,191
1.386476722026E12,255,99,182,86,1670,1300,191
1.386476722305E12,255,79,172,63,1670,1300,191
1.38647672259E12,255,56,156,92,1670,1300,191
1.386476722862E12,255,39,201,65,1670,1300,191
1.386476723131E12,255,19,230,45,1670,1300,191
1.386476723395E12,255,20,216,46,1670,1300,191
1.386476723663E12,255,20,200,45,1670,1300,191
1.386476723928E12,255,19,255,44,1670,1300,191
1.3864767242E12,255,19,199,44,1670,1500,191
1.386476724464E12,255,255,255,255,1670,1500,191
1.386476724733E12,234,255,255,255,1670,1500,191
1.386476724996E12,232,255,255,255,1670,1500,191
1.386476725263E12,233,255,255,255,1670,1500,191
1.386476725525E12,233,255,255,255,1670,1500,191
1.386476725786E12,233,255,255,255,1670,1500,191
1.386476726047E12,236,255,255,255,1670,1500,191
1.386476726309E12,233,255,255,255,1670,1500,191
1.386476726584E12,232,255,255,255,1670,1500,191
1.386476726846E12,233,255,255,255,1670,1500,191
1.38647672711E12,233,255,255,255,1670,1500,191
1.386476727373E12,232,255,255,255,1670,1500,191
1.386476727636E12,234,255,255,255,1670,1500,191
1.386476727903E12,233,255,255,255,1670,1500,191
1.386476728164E12,233,255,255,255,1670,1500,191
1.386476728427E12,233,255,255,255,1670,1500,191
1.386476728689E12,234,255,255,255,1670,1500,191
1.386476728953E12,232,255,255,255,1670,1500,191
1.386476729215E12,233,255,255,255,1670,1500,191
1.386476729482E12,233,255,255,255,1670,1500,191
1.386476729746E12,233,255,255,255,1670,1500,191
1.386476730015E12,232,255,255,255,1670,1500,191
1.386476730549E12,232,255,255,255,1670,1500,191
1.386476730811E12,234,255,255,255,1670,1500,191
1.386476731075E12,232,255,255,255,1670,1500,191
1.386476731337E12,232,255,255,255,1670,1500,191
1.386476731861E12,233,255,255,255,1670,1500,191
1.386476732126E12,230,255,255,255,1670,1500,191
1.386476732392E12,233,255,255,255,1670,1500,191
1.386476732655E12,232,255,255,255,1670,1500,191
1.386476732916E12,232,255,255,255,1670,1500,191
1.386476733188E12,226,255,255,255,1670,1500,191
1.386476733463E12,42,156,25,35,1670,1500,191
1.386476733738E12,40,28,24,36,1670,1500,191
1.386476734008E12,45,27,23,36,1670,1500,191
1.386476734281E12,39,27,22,36,1670,1500,191
1.386476734559E12,30,27,22,36,1670,1500,191
1.38647673483E12,28,27,34,36,1670,1500,191
1.386476735095E12,26,27,28,36,1670,1500,191
1.386476735362E12,28,27,27,36,1670,1500,191
1.386476735629E12,28,27,27,36,1670,1500,191
1.386476735895E12,27,27,22,36,1670,1500,191
1.386476736164E12,28,27,27,36,1670,1500,191
1.386476736427E12,28,27,27,36,1670,1500,191
1.38647673669E12,27,27,27,36,1670,1500,191
1.386476736955E12,28,28,27,36,1670,1500,191
1.386476737218E12,28,27,27,36,1670,1500,191
1.386476737482E12,28,27,27,36,1670,1500,191
1.386476737743E12,28,27,27,36,1670,1500,191
1.386476738008E12,29,27,28,36,1670,1500,191
1.386476738274E12,32,27,27,36,1670,1500,191
1.386476738539E12,32,27,27,36,1670,1500,191
1.386476738808E12,32,27,28,36,1670,1500,191
1.386476739074E12,31,28,28,36,1670,1500,191
1.386476739339E12,30,27,29,36,1670,1500,191
1.386476739612E12,29,27,28,16,1670,1500,191
1.386476739891E12,29,28,28,16,1670,1500,191
1.386476740157E12,30,27,28,16,1670,1500,191
1.38647674043E12,31,27,29,36,1670,1500,191
1.386476740703E12,31,27,28,36,1670,1500,191
1.386476740975E12,34,27,25,36,1670,1500,191
1.386476741241E12,43,27,25,36,1670,1500,191
1.386476741506E12,44,27,30,35,1670,1500,191
1.386476741777E12,255,27,35,36,1670,1500,191
1.386476742045E12,255,27,35,36,1670,1500,191
1.386476742312E12,255,31,34,39,1670,1500,191
1.386476742585E12,85,38,37,43,1670,1500,191
1.386476742855E12,66,39,36,43,1670,1500,191
1.386476743124E12,138,39,31,44,1670,1500,191
1.386476743391E12,57,40,34,44,1670,1500,191
1.386476743664E12,32,40,35,43,1670,1500,191
1.386476743932E12,37,41,122,43,1670,1500,191
1.3864767442E12,15,43,48,46,1670,1500,191
1.386476744481E12,15,46,56,47,1670,1500,191
1.386476744761E12,21,51,41,63,1670,1500,191
1.38647674503E12,17,59,88,79,1670,1500,191
1.386476745308E12,17,48,35,72,1670,1500,191
1.386476745586E12,16,55,30,81,1670,1500,191
1.386476745859E12,20,61,30,89,1670,1500,191
1.386476746123E12,17,58,34,85,1670,1500,191
1.386476746387E12,19,53,32,77,1670,1500,191
1.386476746655E12,16,48,34,42,1670,1500,191
1.386476746933E12,18,42,29,255,1670,1500,191
1.386476747203E12,17,29,29,123,1670,1500,191
1.386476747471E12,18,29,30,90,1670,1500,191
1.386476747736E12,17,39,28,77,1670,1500,191
1.386476748007E12,18,49,34,80,1670,1500,191
1.386476748276E12,18,58,28,87,1670,1500,191
1.386476748543E12,17,63,36,87,1670,1500,191
1.386476748813E12,18,71,26,75,1670,1500,191
1.386476749084E12,17,74,25,116,1670,1500,191
1.38647674935E12,17,94,25,104,1670,1500,191
1.386476749624E12,15,101,31,122,1670,1500,191
1.386476749892E12,18,83,28,100,1670,1500,191
1.386476750163E12,16,89,21,118,1670,1500,191
1.386476750427E12,17,96,23,114,1670,1500,191
1.386476750692E12,16,96,27,114,1670,1500,191
1.386476750961E12,17,94,31,118,1670,1500,191
1.386476751233E12,15,97,19,121,1670,1500,191
1.386476751767E12,16,93,25,111,1670,1500,191
1.386476752032E12,15,89,25,110,1670,1500,191
1.386476752309E12,16,94,31,110,1670,1500,191
1.386476752578E12,15,94,20,115,1670,1500,191
1.386476752846E12,16,103,25,122,1670,1500,191
1.38647675311E12,16,106,24,121,1670,1500,191
1.38647675338E12,15,102,20,255,1670,1500,191
1.386476753651E12,16,218,28,255,1670,1500,191
1.386476753921E12,15,255,19,255,1670,1500,191
1.386476754186E12,16,255,20,255,1670,1500,191
1.386476754456E12,16,255,24,255,1670,1500,191
1.386476754729E12,16,255,25,255,1670,1500,191
1.386476755014E12,16,255,16,255,1670,1500,191
1.386476755286E12,16,255,15,255,1670,1500,191
1.386476755563E12,15,255,38,255,1670,1500,191
1.386476755832E12,16,255,27,255,1670,1500,191
1.386476756104E12,15,255,38,255,1670,1500,191
1.386476756367E12,18,255,37,255,1670,1500,191
1.386476756643E12,15,255,15,255,1670,1500,191
1.386476756916E12,17,91,18,116,1670,1500,191
1.386476757191E12,16,99,22,113,1670,1500,191
1.386476757466E12,16,100,40,118,1670,1500,191
1.386476757744E12,17,94,19,114,1670,1500,191
1.38647675802E12,16,97,16,115,1670,1500,191
1.386476758287E12,16,95,16,108,1670,1500,191
1.386476758553E12,16,92,16,104,1670,1500,191
1.386476758822E12,15,88,37,95,1670,1500,191
1.386476759109E12,16,85,19,98,1670,1500,191
1.386476759385E12,15,92,38,105,1670,1500,191
1.386476759665E12,15,97,33,104,1670,1500,191
1.386476759943E12,16,97,40,101,1670,1500,191
1.386476760223E12,16,90,39,108,1670,1500,191
1.386476760502E12,16,89,43,104,1670,1500,191
1.386476760774E12,15,93,45,107,1670,1500,191
1.38647676105E12,15,90,34,102,1670,1500,191
1.38647676133E12,15,93,40,100,1670,1500,191
1.386476761607E12,41,88,36,103,1670,1500,191
1.386476761877E12,40,91,40,108,1510,1500,191
1.386476762158E12,41,91,92,104,1510,1500,191
1.386476762441E12,90,91,95,103,1510,1500,191
1.386476762712E12,96,91,92,102,1510,1500,191
1.386476762981E12,96,88,92,103,1510,1500,191
1.386476763263E12,93,92,92,102,1510,1500,191
1.386476763538E12,93,91,95,104,1510,1500,191
1.386476763813E12,93,88,95,108,1510,1500,191
1.386476764092E12,55,88,91,104,1510,1500,191
1.386476764373E12,57,89,52,100,1510,1500,191
1.386476764645E12,57,90,50,102,1510,1500,191
1.386476764926E12,82,90,47,103,1510,1500,191
1.386476765198E12,83,90,48,105,1510,1500,191
1.386476765467E12,85,90,48,101,1510,1500,191
1.386476765748E12,83,85,48,101,1510,1500,191
1.386476766022E12,85,89,48,104,1510,1500,191
1.386476766297E12,83,91,48,103,1510,1500,191
1.386476766564E12,79,91,49,105,1510,1400,191
1.386476766836E12,93,104,47,108,1510,1300,191
1.386476767117E12,96,88,69,104,1510,1300,191
1.386476767397E12,95,91,53,125,1510,1200,191
1.386476767671E12,96,91,96,97,1510,1200,191
1.386476767943E12,100,90,94,99,1510,1200,191
1.386476768208E12,159,86,45,95,1510,1200,191
1.38647676848E12,175,92,182,95,1510,1200,191
1.386476768758E12,169,88,194,94,1510,1200,191
1.386476769032E12,159,84,201,97,1510,1200,191
1.386476769311E12,230,86,125,95,1510,1200,191
1.386476769579E12,215,85,146,95,1510,1200,191
1.386476769853E12,255,85,151,92,1510,1200,191
1.386476770127E12,106,89,224,95,1510,1200,191
1.386476770405E12,103,255,101,255,1510,1200,191
1.38647677068E12,101,255,102,255,1510,1200,191
1.386476770953E12,102,255,101,255,1510,1200,191
1.38647677123E12,102,255,101,255,1570,1200,191
1.386476771499E12,103,255,101,255,1570,1200,191
1.38647677177E12,102,255,100,255,1570,1200,191
1.386476772039E12,99,255,101,255,1570,1200,191
1.386476772308E12,99,138,100,210,1570,1200,191
1.386476772857E12,96,91,98,255,1420,1200,191
1.386476773138E12,92,95,95,100,1420,1200,191
1.386476773416E12,94,93,96,100,1420,1200,191
1.386476773692E12,94,88,92,101,1420,1200,191
1.386476773958E12,96,88,95,97,1420,1200,191
1.386476774227E12,103,85,99,95,1420,1200,191
1.386476774496E12,104,81,102,92,1420,1200,191
1.386476774769E12,114,77,104,83,1420,1200,191
1.38647677506E12,113,70,113,82,1560,1200,191
1.386476775599E12,121,61,119,70,1560,1200,191
1.386476775873E12,128,57,124,65,1560,1200,191
1.386476776144E12,148,52,127,60,1560,1200,191
1.386476776424E12,159,62,247,55,1560,1200,191
1.386476776701E12,237,59,185,69,1560,1200,191
1.386476776979E12,255,57,151,64,1560,1200,191
1.386476777259E12,253,42,197,60,1560,1200,191
1.386476777539E12,139,40,185,44,1560,1200,191
1.386476777809E12,148,38,194,41,1560,1200,191
1.386476778076E12,153,36,173,39,1560,1200,191
1.386476778362E12,130,34,146,37,1000,1200,191
1.386476778635E12,134,34,143,35,1000,1200,191
1.386476778908E12,125,128,151,30,1000,1200,191
1.386476779184E12,255,155,164,59,1000,1200,191
1.386476779465E12,255,146,184,101,1000,1200,191
1.38647677974E12,255,137,167,119,1000,1200,191
1.38647678002E12,255,130,255,119,1000,1200,191
1.386476780291E12,255,120,182,128,1000,1200,191
1.386476780569E12,255,117,185,122,1000,1200,191
1.386476780853E12,92,109,61,110,1000,1200,191
1.38647678113E12,96,97,48,107,1000,1200,191
1.386476781404E12,117,100,113,100,1000,1200,191
1.386476781681E12,221,82,102,86,1000,1200,191
1.386476781969E12,255,72,173,99,1000,1500,191
1.386476782251E12,255,57,255,78,1000,1500,191
1.38647678252E12,255,55,230,77,1000,1500,191
1.386476782786E12,255,56,37,81,1000,1500,191
1.386476783055E12,255,55,95,75,1000,1500,191
1.386476783329E12,255,56,194,77,1000,1500,191
1.386476783594E12,255,55,255,77,1000,1500,191
1.386476783863E12,255,56,246,69,1000,1500,191
1.386476784139E12,255,55,255,83,1000,1500,191
1.386476784406E12,255,54,255,77,1000,1500,191
1.386476784672E12,255,55,255,76,1000,1500,191
1.386476784938E12,255,56,245,77,1000,1500,191
1.386476785203E12,255,55,195,76,1000,1500,191
1.386476785471E12,255,54,108,73,1000,1500,191
1.38647678574E12,255,54,50,78,1000,1500,191
1.386476786008E12,255,56,46,81,1000,1500,191
1.38647678629E12,255,56,45,77,1000,1500,191
1.386476786556E12,255,56,45,75,1000,1500,191
1.386476786824E12,255,54,44,74,1000,1500,191
1.386476787089E12,255,55,43,78,1000,1500,191
1.386476787365E12,255,53,44,75,1000,1500,191
1.386476787637E12,255,57,44,82,1000,1500,191
1.38647678791E12,255,54,39,74,1000,1500,191
1.38647678818E12,255,56,41,75,1000,1500,191
1.386476788445E12,255,55,42,79,1000,1500,191
1.38647678871E12,255,55,43,75,1000,1500,191
1.38647678898E12,255,56,42,75,1000,1500,191
1.386476789246E12,255,54,33,71,1000,1500,191
1.386476789519E12,255,55,32,79,1000,1500,191
1.386476789787E12,255,55,31,78,1000,1500,191
1.386476790056E12,255,55,35,77,1000,1500,191
1.386476790329E12,255,55,37,77,1000,1500,191
1.386476790595E12,255,55,38,77,1000,1500,191
1.386476790866E12,255,54,38,74,1000,1500,191
1.386476791138E12,255,54,38,81,1000,1500,191
1.38647679141E12,255,57,37,77,1000,1500,191
1.386476791676E12,255,56,37,78,1000,1500,191
1.386476791941E12,255,56,36,75,1000,1500,191
1.386476792207E12,255,55,36,80,1000,1500,191
1.386476792476E12,255,54,37,77,1000,1500,191
1.386476792747E12,255,56,37,71,1000,1500,191
1.386476793021E12,255,56,37,82,1000,1500,191
1.386476793293E12,255,54,37,77,1000,1500,191
1.386476793562E12,255,56,37,75,1000,1500,191
1.386476793827E12,255,54,38,77,1000,1500,191
1.386476794092E12,255,55,37,78,1000,1500,191
1.386476794367E12,255,55,37,73,1000,1500,191
1.386476794632E12,255,55,37,73,1000,1500,191
1.386476794905E12,255,54,37,78,1000,1500,191
1.386476795173E12,255,57,37,79,1000,1500,191
1.386476795438E12,255,55,37,78,1000,1500,191
1.386476795708E12,255,54,37,75,1000,1500,191
1.386476795977E12,255,56,37,76,1000,1500,191
1.386476796242E12,255,56,36,75,1000,1500,191
1.386476796516E12,255,55,36,82,1000,1500,191
1.386476796785E12,255,55,37,81,1000,1500,191
1.386476797054E12,255,55,37,77,1000,1500,191
1.38647679732E12,255,54,37,75,1000,1500,191
1.386476797585E12,255,55,36,76,1000,1500,191
1.38647679785E12,255,55,36,77,1000,1500,191
1.386476798115E12,255,55,37,75,1000,1500,191
1.386476798391E12,255,56,37,73,1000,1500,191
1.386476798665E12,255,55,37,82,1000,1500,191
1.386476798934E12,255,55,38,78,1000,1500,191
1.386476799199E12,255,55,38,76,1000,1500,191
1.386476799468E12,255,55,38,74,1000,1500,191
1.386476799734E12,255,55,38,78,1000,1500,191
1.3864768E12,255,55,38,79,1000,1500,191
1.386476800271E12,255,55,37,70,1000,1500,191
1.386476800544E12,255,55,37,82,1000,1500,191
1.386476800813E12,255,57,36,77,1000,1500,191
1.38647680108E12,255,54,36,77,1000,1500,191
1.386476801345E12,255,55,35,77,1000,1500,191
1.38647680161E12,255,56,35,75,1000,1500,191
1.386476801879E12,255,56,34,71,1000,1500,191
1.386476802155E12,255,55,34,81,1000,1500,191
1.386476802438E12,255,55,35,79,1000,1500,191
1.386476802709E12,255,56,36,79,1000,1500,191
1.386476802975E12,255,56,37,75,1000,1500,191
1.38647680324E12,255,56,37,78,1000,1500,191
1.386476803505E12,255,55,38,75,1000,1500,191
1.38647680377E12,255,54,39,73,1000,1500,191
1.386476804042E12,255,55,43,78,1000,1500,191
1.386476804311E12,255,57,44,80,1000,1500,191
1.386476804578E12,255,54,45,77,1000,1500,191
1.38647680485E12,255,55,42,79,1000,1500,191
1.386476805115E12,255,56,36,78,1000,1500,191
1.38647680538E12,255,54,35,77,1000,1500,191
1.386476805654E12,255,56,36,77,1000,1500,191
1.38647680592E12,255,54,37,73,1000,1500,191
1.386476806188E12,255,55,37,77,1000,1500,191
1.386476806457E12,255,55,36,77,1000,1500,191
1.386476806738E12,255,56,37,67,1000,1500,191
1.386476807004E12,255,57,37,77,1000,1500,191
1.386476807275E12,255,56,36,77,1000,1500,191
1.386476807541E12,255,54,37,74,1000,1500,191
1.386476807813E12,255,55,38,82,1000,1500,191
1.386476808089E12,255,54,28,77,1000,1500,191
1.38647680836E12,255,55,32,76,1000,1500,191
1.386476808626E12,255,55,37,81,1000,1500,191
1.386476808895E12,255,54,15,75,1000,1500,191
1.386476809161E12,255,56,17,74,1000,1500,191
1.386476809426E12,255,55,38,75,1000,1500,191
1.386476809697E12,255,56,38,75,1000,1500,191
1.386476809964E12,255,57,38,81,1000,1500,191
1.386476810232E12,255,54,38,77,1000,1500,191
1.386476810496E12,255,55,38,80,1000,1500,191
1.386476810772E12,255,55,39,78,1000,1500,191
1.386476811038E12,255,54,38,75,1000,1500,191
1.386476811316E12,255,54,30,69,1000,1500,191
1.386476811582E12,255,55,33,85,1000,1500,191
1.386476811856E12,255,56,19,76,1000,1500,191
1.386476812122E12,255,57,17,76,1000,1500,191
1.38647681239E12,255,56,25,75,1000,1500,191
1.386476812655E12,255,55,35,77,1000,1500,191
1.386476812924E12,255,54,34,72,1000,1500,191
1.386476813192E12,255,56,26,79,1000,1500,191
1.386476813469E12,255,59,16,65,1000,1500,191
1.386476813747E12,255,58,19,83,1000,1500,191
1.386476814019E12,194,59,45,82,1000,1500,191
1.386476814293E12,40,57,44,87,1000,1500,191
1.386476814585E12,30,67,27,63,1000,1500,191
1.386476814866E12,27,57,32,88,1000,1500,191
1.386476815146E12,27,63,29,117,1000,1500,191
1.386476815416E12,28,82,21,125,1000,1500,191
1.386476815684E12,27,89,24,138,1000,1500,191
1.386476815953E12,28,97,22,145,1000,1500,191
1.386476816226E12,23,101,24,151,1000,1500,191
1.386476816496E12,25,110,25,160,1000,1500,191
1.386476816771E12,27,110,22,217,1000,1500,191
1.386476817039E12,26,174,23,255,1000,1500,191
1.38647681731E12,22,255,24,89,1000,1500,191
1.38647681758E12,23,195,24,210,1000,1500,191
1.386476817854E12,35,215,23,211,1000,1500,191
1.386476818119E12,255,194,21,187,1000,1500,191
1.386476818386E12,255,175,21,185,1000,1500,191
1.386476818665E12,27,155,21,179,1000,1500,191
1.386476818934E12,255,149,19,144,1000,1500,191
1.386476819202E12,255,133,17,134,1000,1500,191
1.386476819468E12,182,255,19,255,1000,1500,191
1.386476819737E12,28,255,19,255,1000,1500,191
1.38647682E12,163,246,20,255,1000,1500,191
1.386476820266E12,155,255,18,255,1000,1500,191
1.386476820531E12,255,255,19,255,1000,1500,191
1.386476820805E12,24,128,20,255,1000,1500,191
1.386476821073E12,23,164,23,140,1000,1500,191
1.386476821341E12,22,125,20,233,1000,1500,191
1.386476821613E12,26,159,20,168,1000,1500,191
1.386476821888E12,25,163,22,178,1000,1500,191
1.386476822155E12,26,160,20,233,1000,1500,191
1.386476822423E12,31,216,20,255,1000,1500,191
1.386476822694E12,61,255,21,255,1000,1500,191
1.386476822966E12,93,255,20,255,1000,1500,191
1.386476823246E12,22,255,23,127,1000,1500,191
1.386476823514E12,21,255,21,255,1000,1500,191
1.386476823783E12,26,255,22,255,1000,1500,191
1.386476824055E12,28,255,21,255,1000,1500,191
1.386476824334E12,25,255,21,255,1000,1500,191
1.386476824604E12,25,255,22,255,1000,1500,191
1.386476824868E12,26,255,22,255,1000,1500,191
1.386476825133E12,26,255,20,255,1000,1500,191
1.386476825397E12,28,255,20,255,1000,1500,191
1.386476825665E12,28,255,20,255,1000,1500,191
1.38647682593E12,25,255,21,255,1000,1500,191
1.386476826197E12,23,255,22,255,1000,1500,191
1.386476826469E12,28,255,20,255,1000,1500,191
1.386476826743E12,28,255,19,255,1000,1500,191
1.386476827019E12,25,255,21,255,1000,1500,191
1.386476827284E12,24,255,22,255,1000,1500,191
1.38647682755E12,29,255,21,255,1000,1500,191
1.386476827817E12,27,255,19,255,1000,1500,191
1.386476828083E12,25,255,22,255,1000,1500,191
1.386476828354E12,24,255,22,255,1000,1500,191
1.386476828625E12,26,255,21,255,1000,1500,191
1.386476828889E12,28,255,21,255,1000,1500,191
1.386476829155E12,26,255,19,255,1000,1500,191
1.386476829422E12,24,255,23,255,1000,1500,191
1.386476829686E12,24,255,21,255,1000,1500,191
1.386476829957E12,30,255,21,255,1000,1500,191
1.38647683023E12,28,255,19,255,1000,1500,191
1.386476830502E12,27,255,22,255,1000,1500,191
1.386476830771E12,24,255,21,255,1000,1500,191
1.386476831044E12,28,255,21,255,1000,1500,191
1.386476831307E12,29,255,20,255,1000,1500,191
1.386476831573E12,28,255,20,255,1000,1500,191
1.386476831845E12,24,255,24,255,1000,1500,191
1.386476832113E12,23,255,21,255,1000,1500,191
1.386476832651E12,23,255,20,255,1000,1500,191
1.386476832927E12,27,255,20,255,1000,1500,191
1.386476833193E12,24,255,23,255,1000,1500,191
1.386476833459E12,24,255,22,255,1000,1500,191
1.38647683374E12,32,255,21,255,1000,1500,191
1.386476834006E12,28,255,21,255,1000,1500,191
1.386476834281E12,23,255,23,255,1000,1500,191
1.386476834546E12,24,255,21,255,1000,1500,191
1.386476834816E12,32,255,21,255,1000,1500,191
1.386476835094E12,29,255,18,255,1000,1500,191
1.386476835362E12,29,255,20,255,1000,1500,191
1.386476835628E12,24,255,21,255,1000,1500,191
1.386476835903E12,29,255,20,255,1000,1500,191
1.38647683617E12,32,255,20,255,1000,1500,191
1.386476836445E12,24,255,22,255,1000,1500,191
1.386476836718E12,24,255,23,255,1000,1500,191
1.386476836987E12,25,255,21,255,1000,1500,191
1.386476837253E12,25,255,22,255,1000,1500,191
1.386476837522E12,23,255,20,255,1000,1500,191
1.386476837796E12,26,255,21,255,1000,1500,191
1.386476838064E12,26,255,20,255,1000,1500,191
1.386476838334E12,30,255,19,255,1000,1500,191
1.386476838604E12,25,255,18,255,1000,1500,191
1.386476838871E12,28,255,19,255,1000,1500,191
1.386476839141E12,24,255,23,255,1000,1500,191
1.386476839416E12,25,255,22,255,1000,1500,191
1.38647683969E12,30,255,20,255,1000,1500,191
1.386476839959E12,27,255,21,255,1000,1500,191
1.386476840231E12,23,255,24,255,1000,1500,191
1.386476840497E12,23,255,23,255,1000,1500,191
1.386476840774E12,29,255,21,255,1000,1500,191
1.38647684104E12,28,255,19,255,1000,1500,191
1.38647684131E12,28,255,18,255,1000,1500,191
1.386476841579E12,23,255,18,255,1000,1500,191
1.386476841846E12,23,165,19,255,1000,1500,191
1.386476842111E12,23,144,18,160,1000,1500,191
1.386476842383E12,22,73,22,103,1000,1500,191
1.386476842664E12,21,121,32,85,1000,1500,191
1.38647684293E12,21,122,28,110,1000,1500,191
1.386476843199E12,21,117,26,100,1000,1500,191
1.386476843474E12,24,91,25,110,1000,1500,191
1.386476843741E12,20,125,27,146,1000,1500,191
1.386476844013E12,23,168,28,255,1000,1500,191
1.386476844284E12,26,153,22,134,1000,1500,191
1.386476844551E12,25,146,19,255,1000,1500,191
1.386476844816E12,28,175,17,55,1000,1500,191
1.386476845082E12,23,163,20,169,1000,1500,191
1.38647684535E12,23,255,20,192,1000,1500,191
1.386476845616E12,22,255,20,170,1000,1500,191
1.386476845884E12,22,255,19,157,1000,1500,191
1.386476846154E12,24,255,18,151,1000,1500,191
1.386476846422E12,24,255,18,187,1000,1500,191
1.386476846686E12,24,237,19,255,1000,1500,191
1.386476846952E12,24,225,19,255,1000,1500,191
1.386476847218E12,24,140,19,255,1000,1500,191
1.386476847494E12,24,130,19,255,1000,1500,191
1.386476847761E12,24,68,19,255,1000,1500,191
1.386476848026E12,25,70,20,255,1000,1500,191
1.386476848297E12,25,120,19,255,1000,1500,191
1.386476848565E12,26,102,18,255,1000,1500,191
1.386476848833E12,26,85,18,255,1000,1500,191
1.386476849098E12,25,91,18,255,1000,1500,191
1.386476849363E12,25,78,19,255,1000,1500,191
1.386476849628E12,25,82,18,255,1000,1500,191
1.386476849895E12,25,97,19,255,1000,1500,191
1.38647685016E12,25,188,20,255,1000,1500,191
1.386476850427E12,25,103,19,255,1000,1500,191
1.386476850692E12,25,108,19,255,1000,1500,191
1.38647685096E12,25,82,20,255,1000,1500,191
1.386476851226E12,25,50,20,255,1000,1500,191
1.386476851504E12,25,57,21,255,1000,1500,191
1.386476851771E12,26,78,20,255,1000,1500,191
1.386476852037E12,27,186,19,255,1000,1500,191
1.386476852304E12,27,144,20,175,1000,1500,191
1.386476852575E12,26,148,20,111,1000,1500,191
1.386476852841E12,26,144,20,130,1000,1500,191
1.386476853108E12,26,143,20,115,1000,1500,191
1.386476853374E12,26,148,20,99,1000,1500,191
1.38647685364E12,26,153,20,255,1000,1500,191
1.386476853909E12,27,164,19,87,1000,1500,191
1.386476854176E12,27,143,20,145,1000,1500,191
1.386476854442E12,27,139,20,95,1000,1500,191
1.386476854709E12,27,145,19,92,1000,1500,191
1.386476854975E12,26,144,20,97,1000,1500,191
1.386476855246E12,26,149,20,108,1000,1500,191
1.386476855526E12,26,150,20,94,1000,1500,191
1.386476855795E12,26,128,20,141,1000,1500,191
1.386476856062E12,26,85,20,139,1000,1500,191
1.386476856333E12,26,139,20,146,1000,1500,191
1.386476856604E12,25,176,20,151,1000,1500,191
1.386476856871E12,26,152,20,141,1000,1500,191
1.386476857139E12,26,118,21,94,1000,1500,191
1.386476857405E12,26,174,20,75,1000,1500,191
1.386476857669E12,26,175,20,138,1000,1500,191
1.386476857936E12,26,169,21,111,1000,1500,191
1.386476858201E12,26,148,21,97,1000,1500,191
1.386476858466E12,26,150,20,115,1000,1500,191
1.38647685873E12,26,150,20,139,1000,1500,191
1.386476858996E12,26,149,20,104,1000,1500,191
1.386476859262E12,26,148,20,94,1000,1500,191
1.386476859531E12,26,148,20,121,1000,1500,191
1.386476859804E12,26,143,20,160,1000,1500,191
1.386476860071E12,26,148,20,129,1000,1500,191
1.386476860338E12,26,143,20,114,1000,1500,191
1.386476860607E12,27,141,20,151,1000,1500,191
1.386476860878E12,27,142,21,163,1000,1500,191
1.386476861144E12,27,140,21,155,1000,1500,191
1.386476861413E12,27,135,20,255,1000,1500,191
1.386476861678E12,28,155,21,88,1000,1500,191
1.386476861944E12,27,152,20,148,1000,1500,191
1.386476862211E12,29,140,18,111,1000,1500,191
1.386476862477E12,29,139,19,106,1000,1500,191
1.386476862745E12,26,111,19,155,1000,1500,191
1.386476863018E12,24,77,20,107,1000,1500,191
1.386476863284E12,24,113,19,138,1000,1500,191
1.386476863549E12,24,116,18,118,1000,1500,191
1.386476863818E12,24,117,20,226,1000,1500,191
1.386476864085E12,25,117,19,146,1000,1500,191
1.386476864351E12,24,121,20,127,1000,1500,191
1.386476864617E12,24,118,20,167,1000,1500,191
1.386476864888E12,25,116,19,171,1000,1500,191
1.386476865154E12,25,117,20,171,1000,1500,191
1.386476865422E12,24,113,21,163,1000,1500,191
1.386476865687E12,25,118,20,157,1000,1500,191
1.386476865957E12,25,117,20,146,1000,1500,191
